id,c1,c2,c3,c4,c5,c6
1001,5.1,2.55,7,15.2,7,21.4
1003,4.9,2.45,6,14.8,6,20.6
1005,8.6,4.3,11,22.2,11,35.4
1007,6.2,3.1,8,17.4,8,25.8
1009,5.1,2.55,7,15.2,7,21.4
1011,7.1,3.55,9,19.2,9,29.4
1013,6.7,3.35,9,18.4,9,27.8
1015,6.1,3.05,8,17.2,8,25.4
1017,5.0,2.5,7,15.0,7,21.0
1019,5.0,2.5,7,15.0,7,21.0
1021,5.2,2.6,7,15.4,7,21.8
1023,7.9,3.95,10,20.8,10,32.6
1025,11.1,5.55,14,27.2,14,45.4
1027,5.9,2.95,8,16.8,8,24.6
1029,5.5,2.75,7,16.0,7,23.0
1031,5.6,2.8,7,16.2,7,23.4
1033,6.5,3.25,8,18.0,8,27.0
1035,7.7,3.85,10,20.4,10,31.8
1037,5.7,2.85,7,16.4,7,23.8
1039,6.7,3.35,9,18.4,9,27.8
1041,5.7,2.85,7,16.4,7,23.8
1043,4.8,2.4,6,14.6,6,20.2
1045,5.6,2.8,7,16.2,7,23.4
1047,9.5,4.75,12,24.0,12,39.0
1049,5.7,2.85,7,16.4,7,23.8
1051,4.7,2.35,6,14.4,6,19.8
1053,6.3,3.15,8,17.6,8,26.2
1055,5.7,2.85,7,16.4,7,23.8
1057,6.6,3.3,8,18.2,8,27.4
1059,5.5,2.75,7,16.0,7,23.0
1061,5.4,2.7,7,15.8,7,22.6
1063,9.3,4.65,12,23.6,12,38.2
1065,7.6,3.8,10,20.2,10,31.4
1067,6.3,3.15,8,17.6,8,26.2
1069,5.6,2.8,7,16.2,7,23.4
1071,5.9,2.95,8,16.8,8,24.6
1073,5.5,2.75,7,16.0,7,23.0
1075,5.2,2.6,7,15.4,7,21.8
1077,6.0,3.0,8,17.0,8,25.0
1079,6.4,3.2,8,17.8,8,26.6
1081,4.9,2.45,6,14.8,6,20.6
1083,5.0,2.5,7,15.0,7,21.0
1085,10.3,5.15,13,25.6,13,42.2
1087,7.2,3.6,9,19.4,9,29.8
1089,4.9,2.45,6,14.8,6,20.6
1091,6.9,3.45,9,18.8,9,28.6
1093,6.1,3.05,8,17.2,8,25.4
1095,5.1,2.55,7,15.2,7,21.4
1097,6.5,3.25,8,18.0,8,27.0
1099,8.6,4.3,11,22.2,11,35.4
1101,5.6,2.8,7,16.2,7,23.4
1103,5.2,2.6,7,15.4,7,21.8
1105,10.9,5.45,14,26.8,14,44.6
1107,6.7,3.35,9,18.4,9,27.8
1109,6.4,3.2,8,17.8,8,26.6
1111,5.7,2.85,7,16.4,7,23.8
1113,5.3,2.65,7,15.6,7,22.2
1115,5.0,2.5,7,15.0,7,21.0
1117,4.2,2.1,6,13.4,6,17.8
1119,7.3,3.65,9,19.6,9,30.2
1121,6.4,3.2,8,17.8,8,26.6
1123,5.1,2.55,7,15.2,7,21.4
1125,5.5,2.75,7,16.0,7,23.0
1127,7.2,3.6,9,19.4,9,29.8
1129,8.3,4.15,10,21.6,10,34.2
1131,13.9,6.95,17,32.8,17,56.6
1133,7.0,3.5,9,19.0,9,29.0
2013,1.9,0.95,3,8.8,3,8.6
2016,2.2,1.1,3,9.4,3,9.8
2020,5.0,2.5,7,15.0,7,21.0
2050,14.1,7.05,17,33.2,17,57.4
2060,5.6,2.8,7,16.2,7,23.4
2068,3.2,1.6,4,11.4,4,13.8
2070,8.1,4.05,10,21.2,10,33.4
2090,4.9,2.45,6,14.8,6,20.6
2100,5.9,2.95,8,16.8,8,24.6
2105,7.3,3.65,9,19.6,9,30.2
2110,3.6,1.8,5,12.2,5,15.4
2122,6.9,3.45,9,18.8,9,28.6
2130,4.4,2.2,6,13.8,6,18.6
2150,4.8,2.4,6,14.6,6,20.2
2158,21.7,10.85,27,48.4,27,87.8
2164,9.2,4.6,12,23.4,12,37.8
2170,7.4,3.7,9,19.8,9,30.6
2180,13.6,6.8,17,32.2,17,55.4
2185,6.9,3.45,9,18.8,9,28.6
2188,16.5,8.25,20,38.0,20,67.0
2195,5.7,2.85,7,16.4,7,23.8
2198,9.4,4.7,12,23.8,12,38.6
2220,3.0,1.5,4,11.0,4,13.0
2230,3.0,1.5,4,11.0,4,13.0
2240,8.7,4.35,11,22.4,11,35.8
2261,5.4,2.7,7,15.8,7,22.6
2275,5.4,2.7,7,15.8,7,22.6
2282,5.8,2.9,7,16.6,7,24.2
2290,16.4,8.2,20,37.8,20,66.6
4001,11.8,5.9,15,28.6,15,48.2
4003,6.5,3.25,8,18.0,8,27.0
4005,6.4,3.2,8,17.8,8,26.6
4007,7.6,3.8,10,20.2,10,31.4
4009,7.3,3.65,9,19.6,9,30.2
4011,7.7,3.85,10,20.4,10,31.8
4012,6.6,3.3,8,18.2,8,27.4
4013,4.9,2.45,6,14.8,6,20.6
4015,7.0,3.5,9,19.0,9,29.0
4017,8.5,4.25,11,22.0,11,35.0
4019,5.4,2.7,7,15.8,7,22.6
4021,5.9,2.95,8,16.8,8,24.6
4023,13.0,6.5,16,31.0,16,53.0
4025,5.0,2.5,7,15.0,7,21.0
4027,24.4,12.2,30,53.8,30,98.6
5001,3.2,1.6,4,11.4,4,13.8
5003,6.3,3.15,8,17.6,8,26.2
5005,4.1,2.05,5,13.2,5,17.4
5007,2.7,1.35,4,10.4,4,11.8
5009,3.3,1.65,4,11.6,4,14.2
5011,5.9,2.95,8,16.8,8,24.6
5013,5.1,2.55,7,15.2,7,21.4
5015,2.8,1.4,4,10.6,4,12.2
5017,6.0,3.0,8,17.0,8,25.0
5019,4.5,2.25,6,14.0,6,19.0
5021,5.0,2.5,7,15.0,7,21.0
5023,5.7,2.85,7,16.4,7,23.8
5025,4.4,2.2,6,13.8,6,18.6
5027,5.7,2.85,7,16.4,7,23.8
5029,5.9,2.95,8,16.8,8,24.6
5031,3.1,1.55,4,11.2,4,13.4
5033,3.7,1.85,5,12.4,5,15.8
5035,4.4,2.2,6,13.8,6,18.6
5037,3.9,1.95,5,12.8,5,16.6
5039,5.0,2.5,7,15.0,7,21.0
5041,5.1,2.55,7,15.2,7,21.4
5043,5.7,2.85,7,16.4,7,23.8
5045,3.7,1.85,5,12.4,5,15.8
5047,3.9,1.95,5,12.8,5,16.6
5049,3.9,1.95,5,12.8,5,16.6
5051,4.0,2.0,5,13.0,5,17.0
5053,3.2,1.6,4,11.4,4,13.8
5055,4.0,2.0,5,13.0,5,17.0
5057,3.7,1.85,5,12.4,5,15.8
5059,3.6,1.8,5,12.2,5,15.4
5061,3.4,1.7,5,11.8,5,14.6
5063,5.0,2.5,7,15.0,7,21.0
5065,5.3,2.65,7,15.6,7,22.2
5067,5.9,2.95,8,16.8,8,24.6
5069,5.9,2.95,8,16.8,8,24.6
5071,4.8,2.4,6,14.6,6,20.2
5073,6.2,3.1,8,17.4,8,25.8
5075,4.5,2.25,6,14.0,6,19.0
5077,4.5,2.25,6,14.0,6,19.0
5079,4.9,2.45,6,14.8,6,20.6
5081,5.1,2.55,7,15.2,7,21.4
5083,4.4,2.2,6,13.8,6,18.6
5085,3.2,1.6,4,11.4,4,13.8
5087,3.0,1.5,4,11.0,4,13.0
5089,3.8,1.9,5,12.6,5,16.2
5091,4.3,2.15,6,13.6,6,18.2
5093,7.1,3.55,9,19.2,9,29.4
5095,4.5,2.25,6,14.0,6,19.0
5097,4.6,2.3,6,14.2,6,19.4
5099,3.7,1.85,5,12.4,5,15.8
5101,3.6,1.8,5,12.2,5,15.4
5103,5.6,2.8,7,16.2,7,23.4
5105,4.4,2.2,6,13.8,6,18.6
5107,5.5,2.75,7,16.0,7,23.0
5109,3.8,1.9,5,12.6,5,16.2
5111,4.1,2.05,5,13.2,5,17.4
5113,4.7,2.35,6,14.4,6,19.8
5115,4.7,2.35,6,14.4,6,19.8
5117,3.7,1.85,5,12.4,5,15.8
5119,3.5,1.75,5,12.0,5,15.0
5121,4.6,2.3,6,14.2,6,19.4
5123,5.0,2.5,7,15.0,7,21.0
5125,3.0,1.5,4,11.0,4,13.0
5127,3.7,1.85,5,12.4,5,15.8
5129,4.3,2.15,6,13.6,6,18.2
5131,3.5,1.75,5,12.0,5,15.0
5133,4.8,2.4,6,14.6,6,20.2
5135,5.2,2.6,7,15.4,7,21.8
5137,4.8,2.4,6,14.6,6,20.2
5139,5.6,2.8,7,16.2,7,23.4
5141,6.4,3.2,8,17.8,8,26.6
5143,2.6,1.3,4,10.2,4,11.4
5145,4.8,2.4,6,14.6,6,20.2
5147,5.3,2.65,7,15.6,7,22.2
5149,4.4,2.2,6,13.8,6,18.6
6001,4.6,2.3,6,14.2,6,19.4
6003,7.3,3.65,9,19.6,9,30.2
6005,5.7,2.85,7,16.4,7,23.8
6007,6.6,3.3,8,18.2,8,27.4
6009,5.7,2.85,7,16.4,7,23.8
6011,10.0,5.0,13,25.0,13,41.0
6013,4.7,2.35,6,14.4,6,19.8
6015,7.3,3.65,9,19.6,9,30.2
6017,5.1,2.55,7,15.2,7,21.4
6019,8.7,4.35,11,22.4,11,35.8
6021,7.9,3.95,10,20.8,10,32.6
6023,5.1,2.55,7,15.2,7,21.4
6025,26.4,13.2,32,57.8,32,106.6
6027,4.9,2.45,6,14.8,6,20.6
6029,9.7,4.85,12,24.4,12,39.8
6031,8.9,4.45,11,22.8,11,36.6
6033,6.3,3.15,8,17.6,8,26.2
6035,6.1,3.05,8,17.2,8,25.4
6037,5.3,2.65,7,15.6,7,22.2
6039,8.2,4.1,10,21.4,10,33.8
6041,3.5,1.75,5,12.0,5,15.0
6043,5.4,2.7,7,15.8,7,22.6
6045,5.0,2.5,7,15.0,7,21.0
6047,9.2,4.6,12,23.4,12,37.8
6049,6.6,3.3,8,18.2,8,27.4
6051,5.2,2.6,7,15.4,7,21.8
6053,5.6,2.8,7,16.2,7,23.4
6055,4.0,2.0,5,13.0,5,17.0
6057,4.8,2.4,6,14.6,6,20.2
6059,4.3,2.15,6,13.6,6,18.2
6061,4.7,2.35,6,14.4,6,19.8
6063,7.1,3.55,9,19.2,9,29.4
6065,6.9,3.45,9,18.8,9,28.6
6067,5.7,2.85,7,16.4,7,23.8
6069,6.2,3.1,8,17.4,8,25.8
6071,6.2,3.1,8,17.4,8,25.8
6073,5.0,2.5,7,15.0,7,21.0
6075,3.5,1.75,5,12.0,5,15.0
6077,7.7,3.85,10,20.4,10,31.8
6079,4.5,2.25,6,14.0,6,19.0
6081,3.2,1.6,4,11.4,4,13.8
6083,4.8,2.4,6,14.6,6,20.2
6085,4.0,2.0,5,13.0,5,17.0
6087,5.7,2.85,7,16.4,7,23.8
6089,6.8,3.4,9,18.6,9,28.2
6091,6.6,3.3,8,18.2,8,27.4
6093,7.1,3.55,9,19.2,9,29.4
6095,5.7,2.85,7,16.4,7,23.8
6097,4.1,2.05,5,13.2,5,17.4
6099,7.9,3.95,10,20.8,10,32.6
6101,7.9,3.95,10,20.8,10,32.6
6103,7.4,3.7,9,19.8,9,30.6
6105,5.9,2.95,8,16.8,8,24.6
6107,10.6,5.3,13,26.2,13,43.4
6109,6.1,3.05,8,17.2,8,25.4
6111,5.7,2.85,7,16.4,7,23.8
6113,5.5,2.75,7,16.0,7,23.0
6115,8.0,4.0,10,21.0,10,33.0
8001,3.6,1.8,5,12.2,5,15.4
8003,4.3,2.15,6,13.6,6,18.2
8005,3.2,1.6,4,11.4,4,13.8
8007,3.1,1.55,4,11.2,4,13.4
8009,1.8,0.9,3,8.6,3,8.2
8011,3.1,1.55,4,11.2,4,13.4
8013,2.9,1.45,4,10.8,4,12.6
8014,3.1,1.55,4,11.2,4,13.4
8015,2.4,1.2,3,9.8,3,10.6
8017,2.7,1.35,4,10.4,4,11.8
8019,3.3,1.65,4,11.6,4,14.2
8021,4.9,2.45,6,14.8,6,20.6
8023,4.8,2.4,6,14.6,6,20.2
8025,3.6,1.8,5,12.2,5,15.4
8027,3.0,1.5,4,11.0,4,13.0
8029,4.7,2.35,6,14.4,6,19.8
8031,3.2,1.6,4,11.4,4,13.8
8033,4.1,2.05,5,13.2,5,17.4
8035,2.8,1.4,4,10.6,4,12.2
8037,2.5,1.25,4,10.0,4,11.0
8039,2.6,1.3,4,10.2,4,11.4
8041,3.9,1.95,5,12.8,5,16.6
8043,5.1,2.55,7,15.2,7,21.4
8045,3.3,1.65,4,11.6,4,14.2
8047,2.6,1.3,4,10.2,4,11.4
8049,2.3,1.15,3,9.6,3,10.2
8051,2.1,1.05,3,9.2,3,9.4
8053,2.0,1.0,3,9.0,3,9.0
8055,6.2,3.1,8,17.4,8,25.8
8057,2.3,1.15,3,9.6,3,10.2
8059,3.1,1.55,4,11.2,4,13.4
8061,2.1,1.05,3,9.2,3,9.4
8063,1.8,0.9,3,8.6,3,8.2
8065,2.6,1.3,4,10.2,4,11.4
8067,2.9,1.45,4,10.8,4,12.6
8069,2.9,1.45,4,10.8,4,12.6
8071,5.0,2.5,7,15.0,7,21.0
8073,2.5,1.25,4,10.0,4,11.0
8075,3.3,1.65,4,11.6,4,14.2
8077,5.3,2.65,7,15.6,7,22.2
8079,1.7,0.85,3,8.4,3,7.8
8081,3.6,1.8,5,12.2,5,15.4
8083,4.5,2.25,6,14.0,6,19.0
8085,3.9,1.95,5,12.8,5,16.6
8087,3.5,1.75,5,12.0,5,15.0
8089,4.6,2.3,6,14.2,6,19.4
8091,3.2,1.6,4,11.4,4,13.8
8093,2.7,1.35,4,10.4,4,11.8
8095,2.3,1.15,3,9.6,3,10.2
8097,2.7,1.35,4,10.4,4,11.8
8099,3.5,1.75,5,12.0,5,15.0
8101,4.9,2.45,6,14.8,6,20.6
8103,5.1,2.55,7,15.2,7,21.4
8105,5.1,2.55,7,15.2,7,21.4
8107,2.6,1.3,4,10.2,4,11.4
8109,5.9,2.95,8,16.8,8,24.6
8111,2.4,1.2,3,9.8,3,10.6
8113,2.4,1.2,3,9.8,3,10.6
8115,2.2,1.1,3,9.4,3,9.8
8117,2.1,1.05,3,9.2,3,9.4
8119,3.7,1.85,5,12.4,5,15.8
8121,2.1,1.05,3,9.2,3,9.4
8123,3.5,1.75,5,12.0,5,15.0
8125,2.2,1.1,3,9.4,3,9.8
9001,5.2,2.6,7,15.4,7,21.8
9003,6.0,3.0,8,17.0,8,25.0
9005,4.8,2.4,6,14.6,6,20.2
9007,4.8,2.4,6,14.6,6,20.2
9009,6.1,3.05,8,17.2,8,25.4
9011,5.4,2.7,7,15.8,7,22.6
9013,4.8,2.4,6,14.6,6,20.2
9015,5.8,2.9,7,16.6,7,24.2
10001,5.1,2.55,7,15.2,7,21.4
10003,4.5,2.25,6,14.0,6,19.0
10005,3.7,1.85,5,12.4,5,15.8
11001,6.5,3.25,8,18.0,8,27.0
12001,4.4,2.2,6,13.8,6,18.6
12003,4.7,2.35,6,14.4,6,19.8
12005,4.6,2.3,6,14.2,6,19.4
12007,4.2,2.1,6,13.4,6,17.8
12009,5.2,2.6,7,15.4,7,21.8
12011,4.6,2.3,6,14.2,6,19.4
12013,5.9,2.95,8,16.8,8,24.6
12015,5.3,2.65,7,15.6,7,22.2
12017,6.8,3.4,9,18.6,9,28.2
12019,4.4,2.2,6,13.8,6,18.6
12021,5.3,2.65,7,15.6,7,22.2
12023,4.8,2.4,6,14.6,6,20.2
12027,6.1,3.05,8,17.2,8,25.4
12029,5.3,2.65,7,15.6,7,22.2
12031,5.1,2.55,7,15.2,7,21.4
12033,5.0,2.5,7,15.0,7,21.0
12035,5.4,2.7,7,15.8,7,22.6
12037,4.1,2.05,5,13.2,5,17.4
12039,6.3,3.15,8,17.6,8,26.2
12041,5.1,2.55,7,15.2,7,21.4
12043,6.9,3.45,9,18.8,9,28.6
12045,4.3,2.15,6,13.6,6,18.2
12047,4.4,2.2,6,13.8,6,18.6
12049,7.2,3.6,9,19.4,9,29.8
12051,11.5,5.75,14,28.0,14,47.0
12053,6.0,3.0,8,17.0,8,25.0
12055,6.9,3.45,9,18.8,9,28.6
12057,4.5,2.25,6,14.0,6,19.0
12059,5.6,2.8,7,16.2,7,23.4
12061,6.6,3.3,8,18.2,8,27.4
12063,5.4,2.7,7,15.8,7,22.6
12065,5.3,2.65,7,15.6,7,22.2
12067,3.8,1.9,5,12.6,5,16.2
12069,4.7,2.35,6,14.4,6,19.8
12071,4.7,2.35,6,14.4,6,19.8
12073,4.7,2.35,6,14.4,6,19.8
12075,5.2,2.6,7,15.4,7,21.8
12077,5.4,2.7,7,15.8,7,22.6
12079,5.3,2.65,7,15.6,7,22.2
12081,4.6,2.3,6,14.2,6,19.4
12083,5.9,2.95,8,16.8,8,24.6
12085,5.0,2.5,7,15.0,7,21.0
12086,5.6,2.8,7,16.2,7,23.4
12087,3.1,1.55,4,11.2,4,13.4
12089,4.6,2.3,6,14.2,6,19.4
12091,3.9,1.95,5,12.8,5,16.6
12093,5.8,2.9,7,16.6,7,24.2
12095,4.3,2.15,6,13.6,6,18.2
12097,5.0,2.5,7,15.0,7,21.0
12099,5.1,2.55,7,15.2,7,21.4
12101,5.1,2.55,7,15.2,7,21.4
12103,4.3,2.15,6,13.6,6,18.2
12105,5.8,2.9,7,16.6,7,24.2
12107,6.0,3.0,8,17.0,8,25.0
12109,3.6,1.8,5,12.2,5,15.4
12111,6.0,3.0,8,17.0,8,25.0
12113,4.6,2.3,6,14.2,6,19.4
12115,4.5,2.25,6,14.0,6,19.0
12117,4.2,2.1,6,13.4,6,17.8
12119,6.7,3.35,9,18.4,9,27.8
12121,5.1,2.55,7,15.2,7,21.4
12123,5.5,2.75,7,16.0,7,23.0
12125,4.6,2.3,6,14.2,6,19.4
12127,5.0,2.5,7,15.0,7,21.0
12129,4.1,2.05,5,13.2,5,17.4
12131,4.1,2.05,5,13.2,5,17.4
12133,5.0,2.5,7,15.0,7,21.0
13001,6.9,3.45,9,18.8,9,28.6
13003,4.6,2.3,6,14.2,6,19.4
13005,5.2,2.6,7,15.4,7,21.8
13007,8.3,4.15,10,21.6,10,34.2
13009,7.2,3.6,9,19.4,9,29.8
13011,4.8,2.4,6,14.6,6,20.2
13013,4.6,2.3,6,14.2,6,19.4
13015,5.0,2.5,7,15.0,7,21.0
13017,8.1,4.05,10,21.2,10,33.4
13019,6.1,3.05,8,17.2,8,25.4
13021,5.7,2.85,7,16.4,7,23.8
13023,7.6,3.8,10,20.2,10,31.4
13025,6.6,3.3,8,18.2,8,27.4
13027,4.8,2.4,6,14.6,6,20.2
13029,4.8,2.4,6,14.6,6,20.2
13031,5.6,2.8,7,16.2,7,23.4
13033,7.5,3.75,10,20.0,10,31.0
13035,5.2,2.6,7,15.4,7,21.8
13037,6.0,3.0,8,17.0,8,25.0
13039,5.7,2.85,7,16.4,7,23.8
13043,4.7,2.35,6,14.4,6,19.8
13045,5.9,2.95,8,16.8,8,24.6
13047,4.8,2.4,6,14.6,6,20.2
13049,5.8,2.9,7,16.6,7,24.2
13051,5.0,2.5,7,15.0,7,21.0
13053,8.6,4.3,11,22.2,11,35.4
13055,6.1,3.05,8,17.2,8,25.4
13057,4.1,2.05,5,13.2,5,17.4
13059,5.4,2.7,7,15.8,7,22.6
13061,9.6,4.8,12,24.2,12,39.4
13063,6.4,3.2,8,17.8,8,26.6
13065,6.0,3.0,8,17.0,8,25.0
13067,4.4,2.2,6,13.8,6,18.6
13069,5.6,2.8,7,16.2,7,23.4
13071,5.3,2.65,7,15.6,7,22.2
13073,4.8,2.4,6,14.6,6,20.2
13075,5.2,2.6,7,15.4,7,21.8
13077,4.9,2.45,6,14.8,6,20.6
13079,5.5,2.75,7,16.0,7,23.0
13081,5.9,2.95,8,16.8,8,24.6
13083,5.1,2.55,7,15.2,7,21.4
13085,4.5,2.25,6,14.0,6,19.0
13087,6.5,3.25,8,18.0,8,27.0
13089,5.2,2.6,7,15.4,7,21.8
13091,7.0,3.5,9,19.0,9,29.0
13093,5.5,2.75,7,16.0,7,23.0
13095,6.8,3.4,9,18.6,9,28.2
13097,5.3,2.65,7,15.6,7,22.2
13099,6.7,3.35,9,18.4,9,27.8
13101,4.5,2.25,6,14.0,6,19.0
13103,4.7,2.35,6,14.4,6,19.8
13105,6.2,3.1,8,17.4,8,25.8
13107,7.4,3.7,9,19.8,9,30.6
13109,4.8,2.4,6,14.6,6,20.2
13111,5.0,2.5,7,15.0,7,21.0
13113,4.7,2.35,6,14.4,6,19.8
13115,5.9,2.95,8,16.8,8,24.6
13117,4.1,2.05,5,13.2,5,17.4
13119,5.5,2.75,7,16.0,7,23.0
13121,5.2,2.6,7,15.4,7,21.8
13123,5.4,2.7,7,15.8,7,22.6
13125,6.3,3.15,8,17.6,8,26.2
13127,5.0,2.5,7,15.0,7,21.0
13129,5.3,2.65,7,15.6,7,22.2
13131,5.4,2.7,7,15.8,7,22.6
13133,5.9,2.95,8,16.8,8,24.6
13135,4.6,2.3,6,14.2,6,19.4
13137,5.0,2.5,7,15.0,7,21.0
13139,4.4,2.2,6,13.8,6,18.6
13141,8.9,4.45,11,22.8,11,36.6
13143,5.6,2.8,7,16.2,7,23.4
13145,4.7,2.35,6,14.4,6,19.8
13147,5.3,2.65,7,15.6,7,22.2
13149,5.8,2.9,7,16.6,7,24.2
13151,5.4,2.7,7,15.8,7,22.6
13153,5.3,2.65,7,15.6,7,22.2
13155,7.3,3.65,9,19.6,9,30.2
13157,4.1,2.05,5,13.2,5,17.4
13159,4.7,2.35,6,14.4,6,19.8
13161,6.3,3.15,8,17.6,8,26.2
13163,7.0,3.5,9,19.0,9,29.0
13165,7.1,3.55,9,19.2,9,29.4
13167,6.0,3.0,8,17.0,8,25.0
13169,4.6,2.3,6,14.2,6,19.4
13171,6.4,3.2,8,17.8,8,26.6
13173,5.3,2.65,7,15.6,7,22.2
13175,6.4,3.2,8,17.8,8,26.6
13177,4.8,2.4,6,14.6,6,20.2
13179,5.7,2.85,7,16.4,7,23.8
13181,5.7,2.85,7,16.4,7,23.8
13183,5.6,2.8,7,16.2,7,23.4
13185,5.2,2.6,7,15.4,7,21.8
13187,5.0,2.5,7,15.0,7,21.0
13189,7.2,3.6,9,19.4,9,29.8
13191,5.5,2.75,7,16.0,7,23.0
13193,7.6,3.8,10,20.2,10,31.4
13195,4.7,2.35,6,14.4,6,19.8
13197,6.9,3.45,9,18.8,9,28.6
13199,6.8,3.4,9,18.6,9,28.2
13201,5.5,2.75,7,16.0,7,23.0
13205,6.3,3.15,8,17.6,8,26.2
13207,4.9,2.45,6,14.8,6,20.6
13209,7.1,3.55,9,19.2,9,29.4
13211,4.8,2.4,6,14.6,6,20.2
13213,6.6,3.3,8,18.2,8,27.4
13215,6.6,3.3,8,18.2,8,27.4
13217,5.8,2.9,7,16.6,7,24.2
13219,4.0,2.0,5,13.0,5,17.0
13221,4.5,2.25,6,14.0,6,19.0
13223,4.5,2.25,6,14.0,6,19.0
13225,6.4,3.2,8,17.8,8,26.6
13227,4.8,2.4,6,14.6,6,20.2
13229,5.3,2.65,7,15.6,7,22.2
13231,5.1,2.55,7,15.2,7,21.4
13233,5.7,2.85,7,16.4,7,23.8
13235,5.6,2.8,7,16.2,7,23.4
13237,6.8,3.4,9,18.6,9,28.2
13239,7.7,3.85,10,20.4,10,31.8
13241,5.4,2.7,7,15.8,7,22.6
13243,8.6,4.3,11,22.2,11,35.4
13245,6.5,3.25,8,18.0,8,27.0
13247,5.5,2.75,7,16.0,7,23.0
13249,6.4,3.2,8,17.8,8,26.6
13251,6.9,3.45,9,18.8,9,28.6
13253,7.5,3.75,10,20.0,10,31.0
13255,6.5,3.25,8,18.0,8,27.0
13257,5.9,2.95,8,16.8,8,24.6
13259,5.8,2.9,7,16.6,7,24.2
13261,7.4,3.7,9,19.8,9,30.6
13263,6.6,3.3,8,18.2,8,27.4
13265,6.6,3.3,8,18.2,8,27.4
13267,5.4,2.7,7,15.8,7,22.6
13269,7.0,3.5,9,19.0,9,29.0
13271,7.7,3.85,10,20.4,10,31.8
13273,6.0,3.0,8,17.0,8,25.0
13275,6.3,3.15,8,17.6,8,26.2
13277,5.6,2.8,7,16.2,7,23.4
13279,7.3,3.65,9,19.6,9,30.2
13281,6.3,3.15,8,17.6,8,26.2
13283,7.3,3.65,9,19.6,9,30.2
13285,5.0,2.5,7,15.0,7,21.0
13287,6.4,3.2,8,17.8,8,26.6
13289,8.2,4.1,10,21.4,10,33.8
13291,4.5,2.25,6,14.0,6,19.0
13293,6.2,3.1,8,17.4,8,25.8
13295,5.3,2.65,7,15.6,7,22.2
13297,4.7,2.35,6,14.4,6,19.8
13299,5.4,2.7,7,15.8,7,22.6
13301,7.0,3.5,9,19.0,9,29.0
13303,6.3,3.15,8,17.6,8,26.2
13305,6.6,3.3,8,18.2,8,27.4
13307,8.6,4.3,11,22.2,11,35.4
13309,8.5,4.25,11,22.0,11,35.0
13311,4.4,2.2,6,13.8,6,18.6
13313,5.7,2.85,7,16.4,7,23.8
13315,6.8,3.4,9,18.6,9,28.2
13317,6.7,3.35,9,18.4,9,27.8
13319,6.0,3.0,8,17.0,8,25.0
13321,5.8,2.9,7,16.6,7,24.2
15001,4.1,2.05,5,13.2,5,17.4
15003,3.0,1.5,4,11.0,4,13.0
15007,3.4,1.7,5,11.8,5,14.6
15009,3.4,1.7,5,11.8,5,14.6
16001,3.5,1.75,5,12.0,5,15.0
16003,4.9,2.45,6,14.8,6,20.6
16005,3.6,1.8,5,12.2,5,15.4
16007,3.4,1.7,5,11.8,5,14.6
16009,4.6,2.3,6,14.2,6,19.4
16011,3.7,1.85,5,12.4,5,15.8
16013,2.8,1.4,4,10.6,4,12.2
16015,4.9,2.45,6,14.8,6,20.6
16017,4.3,2.15,6,13.6,6,18.2
16019,3.2,1.6,4,11.4,4,13.8
16021,4.1,2.05,5,13.2,5,17.4
16023,3.7,1.85,5,12.4,5,15.8
16025,2.6,1.3,4,10.2,4,11.4
16027,4.4,2.2,6,13.8,6,18.6
16029,3.2,1.6,4,11.4,4,13.8
16031,2.9,1.45,4,10.8,4,12.6
16033,3.3,1.65,4,11.6,4,14.2
16035,5.9,2.95,8,16.8,8,24.6
16037,4.1,2.05,5,13.2,5,17.4
16039,4.2,2.1,6,13.4,6,17.8
16041,2.9,1.45,4,10.8,4,12.6
16043,3.2,1.6,4,11.4,4,13.8
16045,4.3,2.15,6,13.6,6,18.2
16047,3.0,1.5,4,11.0,4,13.0
16049,4.8,2.4,6,14.6,6,20.2
16051,3.1,1.55,4,11.2,4,13.4
16053,2.8,1.4,4,10.6,4,12.2
16055,4.0,2.0,5,13.0,5,17.0
16057,3.2,1.6,4,11.4,4,13.8
16059,4.8,2.4,6,14.6,6,20.2
16061,6.9,3.45,9,18.8,9,28.6
16063,3.6,1.8,5,12.2,5,15.4
16065,2.9,1.45,4,10.8,4,12.6
16067,3.1,1.55,4,11.2,4,13.4
16069,3.1,1.55,4,11.2,4,13.4
16071,3.1,1.55,4,11.2,4,13.4
16073,3.7,1.85,5,12.4,5,15.8
16075,4.1,2.05,5,13.2,5,17.4
16077,4.2,2.1,6,13.4,6,17.8
16079,5.9,2.95,8,16.8,8,24.6
16081,2.0,1.0,3,9.0,3,9.0
16083,3.4,1.7,5,11.8,5,14.6
16085,4.2,2.1,6,13.4,6,17.8
16087,5.3,2.65,7,15.6,7,22.2
17001,4.7,2.35,6,14.4,6,19.8
17003,9.5,4.75,12,24.0,12,39.0
17005,4.7,2.35,6,14.4,6,19.8
17007,5.8,2.9,7,16.6,7,24.2
17009,3.2,1.6,4,11.4,4,13.8
17011,5.8,2.9,7,16.6,7,24.2
17013,5.7,2.85,7,16.4,7,23.8
17015,4.8,2.4,6,14.6,6,20.2
17017,4.8,2.4,6,14.6,6,20.2
17019,5.0,2.5,7,15.0,7,21.0
17021,5.8,2.9,7,16.6,7,24.2
17023,5.5,2.75,7,16.0,7,23.0
17025,6.4,3.2,8,17.8,8,26.6
17027,4.1,2.05,5,13.2,5,17.4
17029,6.0,3.0,8,17.0,8,25.0
17031,5.7,2.85,7,16.4,7,23.8
17033,5.6,2.8,7,16.2,7,23.4
17035,5.0,2.5,7,15.0,7,21.0
17037,5.0,2.5,7,15.0,7,21.0
17039,5.6,2.8,7,16.2,7,23.4
17041,4.6,2.3,6,14.2,6,19.4
17043,4.4,2.2,6,13.8,6,18.6
17045,6.1,3.05,8,17.2,8,25.4
17047,5.2,2.6,7,15.4,7,21.8
17049,4.5,2.25,6,14.0,6,19.0
17051,6.0,3.0,8,17.0,8,25.0
17053,5.3,2.65,7,15.6,7,22.2
17055,8.0,4.0,10,21.0,10,33.0
17057,6.9,3.45,9,18.8,9,28.6
17059,7.6,3.8,10,20.2,10,31.4
17061,5.3,2.65,7,15.6,7,22.2
17063,5.9,2.95,8,16.8,8,24.6
17065,6.1,3.05,8,17.2,8,25.4
17067,6.9,3.45,9,18.8,9,28.6
17069,8.1,4.05,10,21.2,10,33.4
17071,5.8,2.9,7,16.6,7,24.2
17073,5.4,2.7,7,15.8,7,22.6
17075,4.9,2.45,6,14.8,6,20.6
17077,5.5,2.75,7,16.0,7,23.0
17079,6.2,3.1,8,17.4,8,25.8
17081,6.5,3.25,8,18.0,8,27.0
17083,5.5,2.75,7,16.0,7,23.0
17085,4.4,2.2,6,13.8,6,18.6
17087,8.3,4.15,10,21.6,10,34.2
17089,5.1,2.55,7,15.2,7,21.4
17091,6.1,3.05,8,17.2,8,25.4
17093,4.7,2.35,6,14.4,6,19.8
17095,5.6,2.8,7,16.2,7,23.4
17097,4.8,2.4,6,14.6,6,20.2
17099,6.2,3.1,8,17.4,8,25.8
17101,7.6,3.8,10,20.2,10,31.4
17103,4.8,2.4,6,14.6,6,20.2
17105,5.2,2.6,7,15.4,7,21.8
17107,5.1,2.55,7,15.2,7,21.4
17109,6.8,3.4,9,18.6,9,28.2
17111,4.6,2.3,6,14.2,6,19.4
17113,5.1,2.55,7,15.2,7,21.4
17115,6.6,3.3,8,18.2,8,27.4
17117,5.5,2.75,7,16.0,7,23.0
17119,6.0,3.0,8,17.0,8,25.0
17121,6.2,3.1,8,17.4,8,25.8
17123,5.9,2.95,8,16.8,8,24.6
17125,7.1,3.55,9,19.2,9,29.4
17127,7.4,3.7,9,19.8,9,30.6
17129,3.9,1.95,5,12.8,5,16.6
17131,5.3,2.65,7,15.6,7,22.2
17133,3.9,1.95,5,12.8,5,16.6
17135,6.3,3.15,8,17.6,8,26.2
17137,4.6,2.3,6,14.2,6,19.4
17139,4.5,2.25,6,14.0,6,19.0
17141,5.3,2.65,7,15.6,7,22.2
17143,6.6,3.3,8,18.2,8,27.4
17145,6.9,3.45,9,18.8,9,28.6
17147,4.8,2.4,6,14.6,6,20.2
17149,4.4,2.2,6,13.8,6,18.6
17151,6.8,3.4,9,18.6,9,28.2
17153,8.6,4.3,11,22.2,11,35.4
17155,5.2,2.6,7,15.4,7,21.8
17157,4.8,2.4,6,14.6,6,20.2
17159,5.8,2.9,7,16.6,7,24.2
17161,6.0,3.0,8,17.0,8,25.0
17163,6.2,3.1,8,17.4,8,25.8
17165,8.1,4.05,10,21.2,10,33.4
17167,4.6,2.3,6,14.2,6,19.4
17169,4.9,2.45,6,14.8,6,20.6
17171,4.3,2.15,6,13.6,6,18.2
17173,5.6,2.8,7,16.2,7,23.4
17175,6.7,3.35,9,18.4,9,27.8
17177,5.6,2.8,7,16.2,7,23.4
17179,6.0,3.0,8,17.0,8,25.0
17181,7.1,3.55,9,19.2,9,29.4
17183,7.1,3.55,9,19.2,9,29.4
17185,6.5,3.25,8,18.0,8,27.0
17187,5.2,2.6,7,15.4,7,21.8
17189,3.8,1.9,5,12.6,5,16.2
17191,8.4,4.2,11,21.8,11,34.6
17193,6.2,3.1,8,17.4,8,25.8
17195,5.8,2.9,7,16.6,7,24.2
17197,5.4,2.7,7,15.8,7,22.6
17199,6.2,3.1,8,17.4,8,25.8
17201,6.4,3.2,8,17.8,8,26.6
17203,4.9,2.45,6,14.8,6,20.6
18001,3.8,1.9,5,12.6,5,16.2
18003,4.3,2.15,6,13.6,6,18.2
18005,3.6,1.8,5,12.2,5,15.4
18007,4.3,2.15,6,13.6,6,18.2
18009,5.7,2.85,7,16.4,7,23.8
18011,3.6,1.8,5,12.2,5,15.4
18013,3.8,1.9,5,12.6,5,16.2
18015,4.4,2.2,6,13.8,6,18.6
18017,4.7,2.35,6,14.4,6,19.8
18019,4.4,2.2,6,13.8,6,18.6
18021,5.0,2.5,7,15.0,7,21.0
18023,4.0,2.0,5,13.0,5,17.0
18025,5.6,2.8,7,16.2,7,23.4
18027,3.6,1.8,5,12.2,5,15.4
18029,4.7,2.35,6,14.4,6,19.8
18031,3.6,1.8,5,12.2,5,15.4
18033,4.2,2.1,6,13.4,6,17.8
18035,5.5,2.75,7,16.0,7,23.0
18037,3.3,1.65,4,11.6,4,14.2
18039,4.0,2.0,5,13.0,5,17.0
18041,5.9,2.95,8,16.8,8,24.6
18043,4.4,2.2,6,13.8,6,18.6
18045,5.9,2.95,8,16.8,8,24.6
18047,4.2,2.1,6,13.4,6,17.8
18049,4.8,2.4,6,14.6,6,20.2
18051,3.8,1.9,5,12.6,5,16.2
18053,5.1,2.55,7,15.2,7,21.4
18055,6.6,3.3,8,18.2,8,27.4
18057,3.4,1.7,5,11.8,5,14.6
18059,4.0,2.0,5,13.0,5,17.0
18061,4.4,2.2,6,13.8,6,18.6
18063,3.6,1.8,5,12.2,5,15.4
18065,4.7,2.35,6,14.4,6,19.8
18067,4.8,2.4,6,14.6,6,20.2
18069,4.2,2.1,6,13.4,6,17.8
18071,4.0,2.0,5,13.0,5,17.0
18073,5.1,2.55,7,15.2,7,21.4
18075,4.7,2.35,6,14.4,6,19.8
18077,5.0,2.5,7,15.0,7,21.0
18079,4.8,2.4,6,14.6,6,20.2
18081,3.8,1.9,5,12.6,5,16.2
18083,4.5,2.25,6,14.0,6,19.0
18085,4.0,2.0,5,13.0,5,17.0
18087,3.7,1.85,5,12.4,5,15.8
18089,6.6,3.3,8,18.2,8,27.4
18091,6.0,3.0,8,17.0,8,25.0
18093,5.6,2.8,7,16.2,7,23.4
18095,4.9,2.45,6,14.8,6,20.6
18097,4.7,2.35,6,14.4,6,19.8
18099,3.9,1.95,5,12.8,5,16.6
18101,4.1,2.05,5,13.2,5,17.4
18103,4.8,2.4,6,14.6,6,20.2
18105,5.1,2.55,7,15.2,7,21.4
18107,4.1,2.05,5,13.2,5,17.4
18109,4.2,2.1,6,13.4,6,17.8
18111,5.3,2.65,7,15.6,7,22.2
18113,4.2,2.1,6,13.4,6,17.8
18115,4.9,2.45,6,14.8,6,20.6
18117,5.2,2.6,7,15.4,7,21.8
18119,5.4,2.7,7,15.8,7,22.6
18121,5.1,2.55,7,15.2,7,21.4
18123,4.9,2.45,6,14.8,6,20.6
18125,4.6,2.3,6,14.2,6,19.4
18127,5.3,2.65,7,15.6,7,22.2
18129,4.3,2.15,6,13.6,6,18.2
18131,4.6,2.3,6,14.2,6,19.4
18133,4.5,2.25,6,14.0,6,19.0
18135,4.5,2.25,6,14.0,6,19.0
18137,4.5,2.25,6,14.0,6,19.0
18139,4.0,2.0,5,13.0,5,17.0
18141,5.0,2.5,7,15.0,7,21.0
18143,4.9,2.45,6,14.8,6,20.6
18145,4.0,2.0,5,13.0,5,17.0
18147,4.2,2.1,6,13.4,6,17.8
18149,5.2,2.6,7,15.4,7,21.8
18151,3.8,1.9,5,12.6,5,16.2
18153,6.1,3.05,8,17.2,8,25.4
18155,5.3,2.65,7,15.6,7,22.2
18157,4.3,2.15,6,13.6,6,18.2
18159,3.8,1.9,5,12.6,5,16.2
18161,4.2,2.1,6,13.4,6,17.8
18163,4.4,2.2,6,13.8,6,18.6
18165,6.5,3.25,8,18.0,8,27.0
18167,5.7,2.85,7,16.4,7,23.8
18169,4.5,2.25,6,14.0,6,19.0
18171,5.0,2.5,7,15.0,7,21.0
18173,4.4,2.2,6,13.8,6,18.6
18175,4.6,2.3,6,14.2,6,19.4
18177,4.9,2.45,6,14.8,6,20.6
18179,3.6,1.8,5,12.2,5,15.4
18181,3.9,1.95,5,12.8,5,16.6
18183,4.0,2.0,5,13.0,5,17.0
19001,3.4,1.7,5,11.8,5,14.6
19003,2.9,1.45,4,10.8,4,12.6
19005,4.9,2.45,6,14.8,6,20.6
19007,5.7,2.85,7,16.4,7,23.8
19009,3.7,1.85,5,12.4,5,15.8
19011,4.0,2.0,5,13.0,5,17.0
19013,5.8,2.9,7,16.6,7,24.2
19015,3.4,1.7,5,11.8,5,14.6
19017,4.2,2.1,6,13.4,6,17.8
19019,4.6,2.3,6,14.2,6,19.4
19021,4.4,2.2,6,13.8,6,18.6
19023,4.5,2.25,6,14.0,6,19.0
19025,4.7,2.35,6,14.4,6,19.8
19027,3.1,1.55,4,11.2,4,13.4
19029,3.0,1.5,4,11.0,4,13.0
19031,3.8,1.9,5,12.6,5,16.2
19033,4.4,2.2,6,13.8,6,18.6
19035,4.1,2.05,5,13.2,5,17.4
19037,4.6,2.3,6,14.2,6,19.4
19039,3.4,1.7,5,11.8,5,14.6
19041,4.1,2.05,5,13.2,5,17.4
19043,4.2,2.1,6,13.4,6,17.8
19045,6.1,3.05,8,17.2,8,25.4
19047,5.2,2.6,7,15.4,7,21.8
19049,3.2,1.6,4,11.4,4,13.8
19051,5.3,2.65,7,15.6,7,22.2
19053,3.5,1.75,5,12.0,5,15.0
19055,3.7,1.85,5,12.4,5,15.8
19057,5.9,2.95,8,16.8,8,24.6
19059,3.5,1.75,5,12.0,5,15.0
19061,4.0,2.0,5,13.0,5,17.0
19063,4.2,2.1,6,13.4,6,17.8
19065,5.0,2.5,7,15.0,7,21.0
19067,3.9,1.95,5,12.8,5,16.6
19069,3.8,1.9,5,12.6,5,16.2
19071,4.1,2.05,5,13.2,5,17.4
19073,4.3,2.15,6,13.6,6,18.2
19075,3.7,1.85,5,12.4,5,15.8
19077,3.6,1.8,5,12.2,5,15.4
19079,4.0,2.0,5,13.0,5,17.0
19081,3.0,1.5,4,11.0,4,13.0
19083,4.2,2.1,6,13.4,6,17.8
19085,3.7,1.85,5,12.4,5,15.8
19087,4.4,2.2,6,13.8,6,18.6
19089,3.6,1.8,5,12.2,5,15.4
19091,3.2,1.6,4,11.4,4,13.8
19093,2.8,1.4,4,10.6,4,12.2
19095,3.2,1.6,4,11.4,4,13.8
19097,4.5,2.25,6,14.0,6,19.0
19099,4.0,2.0,5,13.0,5,17.0
19101,4.6,2.3,6,14.2,6,19.4
19103,3.2,1.6,4,11.4,4,13.8
19105,4.4,2.2,6,13.8,6,18.6
19107,5.1,2.55,7,15.2,7,21.4
19109,3.0,1.5,4,11.0,4,13.0
19111,8.1,4.05,10,21.2,10,33.4
19113,4.3,2.15,6,13.6,6,18.2
19115,4.5,2.25,6,14.0,6,19.0
19117,3.8,1.9,5,12.6,5,16.2
19119,2.3,1.15,3,9.6,3,10.2
19121,3.7,1.85,5,12.4,5,15.8
19123,4.3,2.15,6,13.6,6,18.2
19125,3.4,1.7,5,11.8,5,14.6
19127,4.9,2.45,6,14.8,6,20.6
19129,4.0,2.0,5,13.0,5,17.0
19131,3.0,1.5,4,11.0,4,13.0
19133,4.6,2.3,6,14.2,6,19.4
19135,5.4,2.7,7,15.8,7,22.6
19137,4.2,2.1,6,13.4,6,17.8
19139,4.4,2.2,6,13.8,6,18.6
19141,3.0,1.5,4,11.0,4,13.0
19143,3.1,1.55,4,11.2,4,13.4
19145,6.4,3.2,8,17.8,8,26.6
19147,3.9,1.95,5,12.8,5,16.6
19149,2.9,1.45,4,10.8,4,12.6
19151,3.4,1.7,5,11.8,5,14.6
19153,4.1,2.05,5,13.2,5,17.4
19155,3.8,1.9,5,12.6,5,16.2
19157,4.0,2.0,5,13.0,5,17.0
19159,3.7,1.85,5,12.4,5,15.8
19161,3.0,1.5,4,11.0,4,13.0
19163,5.4,2.7,7,15.8,7,22.6
19165,3.2,1.6,4,11.4,4,13.8
19167,2.4,1.2,3,9.8,3,10.6
19169,2.9,1.45,4,10.8,4,12.6
19171,4.2,2.1,6,13.4,6,17.8
19173,3.9,1.95,5,12.8,5,16.6
19175,4.4,2.2,6,13.8,6,18.6
19177,4.9,2.45,6,14.8,6,20.6
19179,7.4,3.7,9,19.8,9,30.6
19181,3.8,1.9,5,12.6,5,16.2
19183,3.5,1.75,5,12.0,5,15.0
19185,4.6,2.3,6,14.2,6,19.4
19187,4.7,2.35,6,14.4,6,19.8
19189,4.1,2.05,5,13.2,5,17.4
19191,3.6,1.8,5,12.2,5,15.4
19193,4.2,2.1,6,13.4,6,17.8
19195,3.5,1.75,5,12.0,5,15.0
19197,4.5,2.25,6,14.0,6,19.0
20001,6.9,3.45,9,18.8,9,28.6
20003,4.6,2.3,6,14.2,6,19.4
20005,7.4,3.7,9,19.8,9,30.6
20007,4.4,2.2,6,13.8,6,18.6
20009,5.0,2.5,7,15.0,7,21.0
20011,5.7,2.85,7,16.4,7,23.8
20013,4.2,2.1,6,13.4,6,17.8
20015,4.6,2.3,6,14.2,6,19.4
20017,4.6,2.3,6,14.2,6,19.4
20019,5.9,2.95,8,16.8,8,24.6
20021,5.2,2.6,7,15.4,7,21.8
20023,3.3,1.65,4,11.6,4,14.2
20025,3.0,1.5,4,11.0,4,13.0
20027,4.8,2.4,6,14.6,6,20.2
20029,5.1,2.55,7,15.2,7,21.4
20031,8.2,4.1,10,21.4,10,33.8
20033,3.2,1.6,4,11.4,4,13.8
20035,5.1,2.55,7,15.2,7,21.4
20037,5.4,2.7,7,15.8,7,22.6
20039,4.7,2.35,6,14.4,6,19.8
20041,4.7,2.35,6,14.4,6,19.8
20043,4.7,2.35,6,14.4,6,19.8
20045,4.1,2.05,5,13.2,5,17.4
20047,3.3,1.65,4,11.6,4,14.2
20049,6.8,3.4,9,18.6,9,28.2
20051,3.4,1.7,5,11.8,5,14.6
20053,4.3,2.15,6,13.6,6,18.2
20055,3.5,1.75,5,12.0,5,15.0
20057,3.6,1.8,5,12.2,5,15.4
20059,4.8,2.4,6,14.6,6,20.2
20061,6.4,3.2,8,17.8,8,26.6
20063,3.0,1.5,4,11.0,4,13.0
20065,5.0,2.5,7,15.0,7,21.0
20067,3.9,1.95,5,12.8,5,16.6
20069,2.6,1.3,4,10.2,4,11.4
20071,2.7,1.35,4,10.4,4,11.8
20073,5.7,2.85,7,16.4,7,23.8
20075,3.2,1.6,4,11.4,4,13.8
20077,4.0,2.0,5,13.0,5,17.0
20079,6.3,3.15,8,17.6,8,26.2
20081,2.8,1.4,4,10.6,4,12.2
20083,2.7,1.35,4,10.4,4,11.8
20085,4.0,2.0,5,13.0,5,17.0
20087,4.1,2.05,5,13.2,5,17.4
20089,4.5,2.25,6,14.0,6,19.0
20091,3.7,1.85,5,12.4,5,15.8
20093,3.7,1.85,5,12.4,5,15.8
20095,4.8,2.4,6,14.6,6,20.2
20097,3.5,1.75,5,12.0,5,15.0
20099,6.2,3.1,8,17.4,8,25.8
20101,3.9,1.95,5,12.8,5,16.6
20103,4.5,2.25,6,14.0,6,19.0
20105,4.0,2.0,5,13.0,5,17.0
20107,7.0,3.5,9,19.0,9,29.0
20109,3.2,1.6,4,11.4,4,13.8
20111,4.3,2.15,6,13.6,6,18.2
20113,3.9,1.95,5,12.8,5,16.6
20115,5.9,2.95,8,16.8,8,24.6
20117,3.6,1.8,5,12.2,5,15.4
20119,2.9,1.45,4,10.8,4,12.6
20121,4.3,2.15,6,13.6,6,18.2
20123,3.1,1.55,4,11.2,4,13.4
20125,6.9,3.45,9,18.8,9,28.6
20127,4.3,2.15,6,13.6,6,18.2
20129,4.6,2.3,6,14.2,6,19.4
20131,3.0,1.5,4,11.0,4,13.0
20133,8.1,4.05,10,21.2,10,33.4
20135,4.1,2.05,5,13.2,5,17.4
20137,2.9,1.45,4,10.8,4,12.6
20139,4.6,2.3,6,14.2,6,19.4
20141,4.1,2.05,5,13.2,5,17.4
20143,4.5,2.25,6,14.0,6,19.0
20145,3.6,1.8,5,12.2,5,15.4
20147,3.6,1.8,5,12.2,5,15.4
20149,4.1,2.05,5,13.2,5,17.4
20151,5.0,2.5,7,15.0,7,21.0
20153,2.6,1.3,4,10.2,4,11.4
20155,5.2,2.6,7,15.4,7,21.8
20157,3.2,1.6,4,11.4,4,13.8
20159,4.8,2.4,6,14.6,6,20.2
20161,3.7,1.85,5,12.4,5,15.8
20163,5.5,2.75,7,16.0,7,23.0
20165,4.7,2.35,6,14.4,6,19.8
20167,4.6,2.3,6,14.2,6,19.4
20169,4.0,2.0,5,13.0,5,17.0
20171,2.7,1.35,4,10.4,4,11.8
20173,5.2,2.6,7,15.4,7,21.8
20175,4.9,2.45,6,14.8,6,20.6
20177,4.5,2.25,6,14.0,6,19.0
20179,2.9,1.45,4,10.8,4,12.6
20181,3.8,1.9,5,12.6,5,16.2
20183,3.7,1.85,5,12.4,5,15.8
20185,5.0,2.5,7,15.0,7,21.0
20187,3.3,1.65,4,11.6,4,14.2
20189,4.7,2.35,6,14.4,6,19.8
20191,4.9,2.45,6,14.8,6,20.6
20193,3.2,1.6,4,11.4,4,13.8
20195,4.2,2.1,6,13.4,6,17.8
20197,3.8,1.9,5,12.6,5,16.2
20199,3.3,1.65,4,11.6,4,14.2
20201,3.9,1.95,5,12.8,5,16.6
20203,2.6,1.3,4,10.2,4,11.4
20205,6.9,3.45,9,18.8,9,28.6
20207,6.9,3.45,9,18.8,9,28.6
20209,6.1,3.05,8,17.2,8,25.4
21001,6.1,3.05,8,17.2,8,25.4
21003,3.9,1.95,5,12.8,5,16.6
21005,3.6,1.8,5,12.2,5,15.4
21007,9.0,4.5,11,23.0,11,37.0
21009,4.3,2.15,6,13.6,6,18.2
21011,6.5,3.25,8,18.0,8,27.0
21013,8.3,4.15,10,21.6,10,34.2
21015,3.5,1.75,5,12.0,5,15.0
21017,4.6,2.3,6,14.2,6,19.4
21019,8.3,4.15,10,21.6,10,34.2
21021,4.5,2.25,6,14.0,6,19.0
21023,5.4,2.7,7,15.8,7,22.6
21025,8.3,4.15,10,21.6,10,34.2
21027,5.7,2.85,7,16.4,7,23.8
21029,3.8,1.9,5,12.6,5,16.2
21031,4.8,2.4,6,14.6,6,20.2
21033,5.0,2.5,7,15.0,7,21.0
21035,4.1,2.05,5,13.2,5,17.4
21037,3.5,1.75,5,12.0,5,15.0
21039,6.8,3.4,9,18.6,9,28.2
21041,5.0,2.5,7,15.0,7,21.0
21043,10.6,5.3,13,26.2,13,43.4
21045,4.4,2.2,6,13.8,6,18.6
21047,6.0,3.0,8,17.0,8,25.0
21049,4.5,2.25,6,14.0,6,19.0
21051,9.7,4.85,12,24.4,12,39.8
21053,6.4,3.2,8,17.8,8,26.6
21055,5.2,2.6,7,15.4,7,21.8
21057,4.6,2.3,6,14.2,6,19.4
21059,4.0,2.0,5,13.0,5,17.0
21061,5.4,2.7,7,15.8,7,22.6
21063,11.7,5.85,15,28.4,15,47.8
21065,5.2,2.6,7,15.4,7,21.8
21067,3.3,1.65,4,11.6,4,14.2
21069,5.5,2.75,7,16.0,7,23.0
21071,10.4,5.2,13,25.8,13,42.6
21073,3.6,1.8,5,12.2,5,15.4
21075,6.6,3.3,8,18.2,8,27.4
21077,4.4,2.2,6,13.8,6,18.6
21079,4.3,2.15,6,13.6,6,18.2
21081,4.2,2.1,6,13.4,6,17.8
21083,6.4,3.2,8,17.8,8,26.6
21085,6.2,3.1,8,17.4,8,25.8
21087,4.0,2.0,5,13.0,5,17.0
21089,8.8,4.4,11,22.6,11,36.2
21091,4.7,2.35,6,14.4,6,19.8
21093,4.1,2.05,5,13.2,5,17.4
21095,11.6,5.8,14,28.2,14,47.4
21097,4.4,2.2,6,13.8,6,18.6
21099,4.4,2.2,6,13.8,6,18.6
21101,4.5,2.25,6,14.0,6,19.0
21103,3.9,1.95,5,12.8,5,16.6
21105,5.1,2.55,7,15.2,7,21.4
21107,5.5,2.75,7,16.0,7,23.0
21109,6.9,3.45,9,18.8,9,28.6
21111,4.2,2.1,6,13.4,6,17.8
21113,3.6,1.8,5,12.2,5,15.4
21115,9.2,4.6,12,23.4,12,37.8
21117,3.8,1.9,5,12.6,5,16.2
21119,10.5,5.25,13,26.0,13,43.0
21121,7.5,3.75,10,20.0,10,31.0
21123,3.9,1.95,5,12.8,5,16.6
21125,5.8,2.9,7,16.6,7,24.2
21127,10.6,5.3,13,26.2,13,43.4
21129,8.3,4.15,10,21.6,10,34.2
21131,13.2,6.6,16,31.4,16,53.8
21133,11.8,5.9,15,28.6,15,48.2
21135,8.4,4.2,11,21.8,11,34.6
21137,5.6,2.8,7,16.2,7,23.4
21139,6.7,3.35,9,18.4,9,27.8
21141,4.2,2.1,6,13.4,6,17.8
21143,5.6,2.8,7,16.2,7,23.4
21145,5.7,2.85,7,16.4,7,23.8
21147,7.3,3.65,9,19.6,9,30.2
21149,4.5,2.25,6,14.0,6,19.0
21151,3.8,1.9,5,12.6,5,16.2
21153,16.3,8.15,20,37.6,20,66.2
21155,4.3,2.15,6,13.6,6,18.2
21157,5.5,2.75,7,16.0,7,23.0
21159,9.0,4.5,11,23.0,11,37.0
21161,6.0,3.0,8,17.0,8,25.0
21163,4.7,2.35,6,14.4,6,19.8
21165,7.1,3.55,9,19.2,9,29.4
21167,4.4,2.2,6,13.8,6,18.6
21169,3.8,1.9,5,12.6,5,16.2
21171,3.6,1.8,5,12.2,5,15.4
21173,6.0,3.0,8,17.0,8,25.0
21175,6.8,3.4,9,18.6,9,28.2
21177,6.7,3.35,9,18.4,9,27.8
21179,4.3,2.15,6,13.6,6,18.2
21181,4.9,2.45,6,14.8,6,20.6
21183,6.3,3.15,8,17.6,8,26.2
21185,3.1,1.55,4,11.2,4,13.4
21187,3.8,1.9,5,12.6,5,16.2
21189,8.7,4.35,11,22.4,11,35.8
21191,4.3,2.15,6,13.6,6,18.2
21193,10.4,5.2,13,25.8,13,42.6
21195,10.3,5.15,13,25.6,13,42.2
21197,6.9,3.45,9,18.8,9,28.6
21199,5.0,2.5,7,15.0,7,21.0
21201,6.1,3.05,8,17.2,8,25.4
21203,5.3,2.65,7,15.6,7,22.2
21205,5.3,2.65,7,15.6,7,22.2
21207,7.6,3.8,10,20.2,10,31.4
21209,3.6,1.8,5,12.2,5,15.4
21211,3.3,1.65,4,11.6,4,14.2
21213,4.2,2.1,6,13.4,6,17.8
21215,3.5,1.75,5,12.0,5,15.0
21217,4.8,2.4,6,14.6,6,20.2
21219,3.9,1.95,5,12.8,5,16.6
21221,5.0,2.5,7,15.0,7,21.0
21223,5.4,2.7,7,15.8,7,22.6
21225,6.4,3.2,8,17.8,8,26.6
21227,3.5,1.75,5,12.0,5,15.0
21229,4.0,2.0,5,13.0,5,17.0
21231,6.8,3.4,9,18.6,9,28.2
21233,5.5,2.75,7,16.0,7,23.0
21235,6.4,3.2,8,17.8,8,26.6
21237,9.5,4.75,12,24.0,12,39.0
21239,3.0,1.5,4,11.0,4,13.0
22001,7.9,3.95,10,20.8,10,32.6
22003,7.5,3.75,10,20.0,10,31.0
22005,5.3,2.65,7,15.6,7,22.2
22007,9.0,4.5,11,23.0,11,37.0
22009,7.8,3.9,10,20.6,10,32.2
22011,6.7,3.35,9,18.4,9,27.8
22013,8.0,4.0,10,21.0,10,33.0
22015,5.9,2.95,8,16.8,8,24.6
22017,7.4,3.7,9,19.8,9,30.6
22019,5.5,2.75,7,16.0,7,23.0
22021,8.4,4.2,11,21.8,11,34.6
22023,4.8,2.4,6,14.6,6,20.2
22025,9.6,4.8,12,24.2,12,39.4
22027,7.5,3.75,10,20.0,10,31.0
22029,9.2,4.6,12,23.4,12,37.8
22031,8.0,4.0,10,21.0,10,33.0
22033,5.7,2.85,7,16.4,7,23.8
22035,11.8,5.9,15,28.6,15,48.2
22037,6.2,3.1,8,17.4,8,25.8
22039,8.5,4.25,11,22.0,11,35.0
22041,9.6,4.8,12,24.2,12,39.4
22043,7.8,3.9,10,20.6,10,32.2
22045,9.7,4.85,12,24.4,12,39.8
22047,7.4,3.7,9,19.8,9,30.6
22049,6.3,3.15,8,17.6,8,26.2
22051,5.9,2.95,8,16.8,8,24.6
22053,6.7,3.35,9,18.4,9,27.8
22055,6.7,3.35,9,18.4,9,27.8
22057,6.7,3.35,9,18.4,9,27.8
22059,6.7,3.35,9,18.4,9,27.8
22061,7.5,3.75,10,20.0,10,31.0
22063,5.3,2.65,7,15.6,7,22.2
22065,9.4,4.7,12,23.8,12,38.6
22067,10.4,5.2,13,25.8,13,42.6
22069,8.1,4.05,10,21.2,10,33.4
22071,6.7,3.35,9,18.4,9,27.8
22073,6.7,3.35,9,18.4,9,27.8
22075,5.9,2.95,8,16.8,8,24.6
22077,7.2,3.6,9,19.4,9,29.8
22079,6.9,3.45,9,18.8,9,28.6
22081,6.8,3.4,9,18.6,9,28.2
22083,7.7,3.85,10,20.4,10,31.8
22085,7.3,3.65,9,19.6,9,30.2
22087,6.9,3.45,9,18.8,9,28.6
22089,6.0,3.0,8,17.0,8,25.0
22091,8.5,4.25,11,22.0,11,35.0
22093,8.1,4.05,10,21.2,10,33.4
22095,7.5,3.75,10,20.0,10,31.0
22097,8.9,4.45,11,22.8,11,36.6
22099,8.3,4.15,10,21.6,10,34.2
22101,10.1,5.05,13,25.2,13,41.4
22103,5.7,2.85,7,16.4,7,23.8
22105,7.5,3.75,10,20.0,10,31.0
22107,10.5,5.25,13,26.0,13,43.0
22109,7.3,3.65,9,19.6,9,30.2
22111,6.9,3.45,9,18.8,9,28.6
22113,7.9,3.95,10,20.8,10,32.6
22115,8.1,4.05,10,21.2,10,33.4
22117,7.9,3.95,10,20.8,10,32.6
22119,9.4,4.7,12,23.8,12,38.6
22121,6.1,3.05,8,17.2,8,25.4
22123,12.0,6.0,15,29.0,15,49.0
22125,5.5,2.75,7,16.0,7,23.0
22127,8.5,4.25,11,22.0,11,35.0
23001,3.2,1.6,4,11.4,4,13.8
23003,4.8,2.4,6,14.6,6,20.2
23005,2.6,1.3,4,10.2,4,11.4
23007,4.0,2.0,5,13.0,5,17.0
23009,3.2,1.6,4,11.4,4,13.8
23011,3.2,1.6,4,11.4,4,13.8
23013,2.7,1.35,4,10.4,4,11.8
23015,2.9,1.45,4,10.8,4,12.6
23017,4.2,2.1,6,13.4,6,17.8
23019,4.0,2.0,5,13.0,5,17.0
23021,4.8,2.4,6,14.6,6,20.2
23023,2.6,1.3,4,10.2,4,11.4
23025,4.9,2.45,6,14.8,6,20.6
23027,3.6,1.8,5,12.2,5,15.4
23029,4.6,2.3,6,14.2,6,19.4
23031,2.9,1.45,4,10.8,4,12.6
24001,6.4,3.2,8,17.8,8,26.6
24003,4.0,2.0,5,13.0,5,17.0
24005,4.7,2.35,6,14.4,6,19.8
24009,4.1,2.05,5,13.2,5,17.4
24011,4.8,2.4,6,14.6,6,20.2
24013,3.8,1.9,5,12.6,5,16.2
24015,5.3,2.65,7,15.6,7,22.2
24017,4.7,2.35,6,14.4,6,19.8
24019,6.2,3.1,8,17.4,8,25.8
24021,3.9,1.95,5,12.8,5,16.6
24023,5.2,2.6,7,15.4,7,21.8
24025,4.3,2.15,6,13.6,6,18.2
24027,3.4,1.7,5,11.8,5,14.6
24029,4.7,2.35,6,14.4,6,19.8
24031,3.4,1.7,5,11.8,5,14.6
24033,4.6,2.3,6,14.2,6,19.4
24035,3.8,1.9,5,12.6,5,16.2
24037,4.5,2.25,6,14.0,6,19.0
24039,6.5,3.25,8,18.0,8,27.0
24041,4.0,2.0,5,13.0,5,17.0
24043,5.2,2.6,7,15.4,7,21.8
24045,5.5,2.75,7,16.0,7,23.0
24047,5.8,2.9,7,16.6,7,24.2
24510,6.9,3.45,9,18.8,9,28.6
25001,3.4,1.7,5,11.8,5,14.6
25003,3.9,1.95,5,12.8,5,16.6
25005,4.7,2.35,6,14.4,6,19.8
25007,2.7,1.35,4,10.4,4,11.8
25009,3.9,1.95,5,12.8,5,16.6
25011,3.3,1.65,4,11.6,4,14.2
25013,5.3,2.65,7,15.6,7,22.2
25015,3.6,1.8,5,12.2,5,15.4
25017,3.2,1.6,4,11.4,4,13.8
25019,1.8,0.9,3,8.6,3,8.2
25021,3.4,1.7,5,11.8,5,14.6
25023,4.0,2.0,5,13.0,5,17.0
25025,3.7,1.85,5,12.4,5,15.8
25027,4.1,2.05,5,13.2,5,17.4
26001,5.8,2.9,7,16.6,7,24.2
26003,6.1,3.05,8,17.2,8,25.4
26005,3.3,1.65,4,11.6,4,14.2
26007,5.0,2.5,7,15.0,7,21.0
26009,5.0,2.5,7,15.0,7,21.0
26011,6.3,3.15,8,17.6,8,26.2
26013,6.8,3.4,9,18.6,9,28.2
26015,3.5,1.75,5,12.0,5,15.0
26017,4.7,2.35,6,14.4,6,19.8
26019,4.6,2.3,6,14.2,6,19.4
26021,4.4,2.2,6,13.8,6,18.6
26023,4.4,2.2,6,13.8,6,18.6
26025,4.4,2.2,6,13.8,6,18.6
26027,4.2,2.1,6,13.4,6,17.8
26029,3.7,1.85,5,12.4,5,15.8
26031,4.0,2.0,5,13.0,5,17.0
26033,6.0,3.0,8,17.0,8,25.0
26035,6.0,3.0,8,17.0,8,25.0
26037,3.4,1.7,5,11.8,5,14.6
26039,6.2,3.1,8,17.4,8,25.8
26041,5.5,2.75,7,16.0,7,23.0
26043,4.5,2.25,6,14.0,6,19.0
26045,3.6,1.8,5,12.2,5,15.4
26047,4.1,2.05,5,13.2,5,17.4
26049,5.0,2.5,7,15.0,7,21.0
26051,5.8,2.9,7,16.6,7,24.2
26053,5.5,2.75,7,16.0,7,23.0
26055,3.4,1.7,5,11.8,5,14.6
26057,4.5,2.25,6,14.0,6,19.0
26059,4.9,2.45,6,14.8,6,20.6
26061,5.2,2.6,7,15.4,7,21.8
26063,4.3,2.15,6,13.6,6,18.2
26065,4.0,2.0,5,13.0,5,17.0
26067,3.6,1.8,5,12.2,5,15.4
26069,5.8,2.9,7,16.6,7,24.2
26071,4.7,2.35,6,14.4,6,19.8
26073,4.2,2.1,6,13.4,6,17.8
26075,4.6,2.3,6,14.2,6,19.4
26077,3.7,1.85,5,12.4,5,15.8
26079,5.4,2.7,7,15.8,7,22.6
26081,3.2,1.6,4,11.4,4,13.8
26083,6.4,3.2,8,17.8,8,26.6
26085,6.0,3.0,8,17.0,8,25.0
26087,6.4,3.2,8,17.8,8,26.6
26089,3.5,1.75,5,12.0,5,15.0
26091,4.4,2.2,6,13.8,6,18.6
26093,4.6,2.3,6,14.2,6,19.4
26095,4.4,2.2,6,13.8,6,18.6
26097,3.1,1.55,4,11.2,4,13.4
26099,5.9,2.95,8,16.8,8,24.6
26101,4.9,2.45,6,14.8,6,20.6
26103,4.9,2.45,6,14.8,6,20.6
26105,4.2,2.1,6,13.4,6,17.8
26107,4.9,2.45,6,14.8,6,20.6
26109,5.1,2.55,7,15.2,7,21.4
26111,4.1,2.05,5,13.2,5,17.4
26113,4.8,2.4,6,14.6,6,20.2
26115,4.3,2.15,6,13.6,6,18.2
26117,4.5,2.25,6,14.0,6,19.0
26119,7.6,3.8,10,20.2,10,31.4
26121,4.8,2.4,6,14.6,6,20.2
26123,4.2,2.1,6,13.4,6,17.8
26125,4.7,2.35,6,14.4,6,19.8
26127,5.0,2.5,7,15.0,7,21.0
26129,6.3,3.15,8,17.6,8,26.2
26131,6.6,3.3,8,18.2,8,27.4
26133,4.9,2.45,6,14.8,6,20.6
26135,5.6,2.8,7,16.2,7,23.4
26137,4.9,2.45,6,14.8,6,20.6
26139,3.0,1.5,4,11.0,4,13.0
26141,6.6,3.3,8,18.2,8,27.4
26143,6.8,3.4,9,18.6,9,28.2
26145,4.6,2.3,6,14.2,6,19.4
26147,6.5,3.25,8,18.0,8,27.0
26149,3.7,1.85,5,12.4,5,15.8
26151,5.2,2.6,7,15.4,7,21.8
26153,7.0,3.5,9,19.0,9,29.0
26155,4.6,2.3,6,14.2,6,19.4
26157,5.3,2.65,7,15.6,7,22.2
26159,4.6,2.3,6,14.2,6,19.4
26161,3.5,1.75,5,12.0,5,15.0
26163,7.3,3.65,9,19.6,9,30.2
26165,5.1,2.55,7,15.2,7,21.4
27001,5.1,2.55,7,15.2,7,21.4
27003,3.8,1.9,5,12.6,5,16.2
27005,3.8,1.9,5,12.6,5,16.2
27007,4.8,2.4,6,14.6,6,20.2
27009,3.7,1.85,5,12.4,5,15.8
27011,4.0,2.0,5,13.0,5,17.0
27013,3.3,1.65,4,11.6,4,14.2
27015,3.9,1.95,5,12.8,5,16.6
27017,4.9,2.45,6,14.8,6,20.6
27019,3.4,1.7,5,11.8,5,14.6
27021,5.6,2.8,7,16.2,7,23.4
27023,4.0,2.0,5,13.0,5,17.0
27025,3.9,1.95,5,12.8,5,16.6
27027,3.2,1.6,4,11.4,4,13.8
27029,7.6,3.8,10,20.2,10,31.4
27031,3.1,1.55,4,11.2,4,13.4
27033,7.9,3.95,10,20.8,10,32.6
27035,4.3,2.15,6,13.6,6,18.2
27037,3.5,1.75,5,12.0,5,15.0
27039,3.6,1.8,5,12.2,5,15.4
27041,3.0,1.5,4,11.0,4,13.0
27043,3.9,1.95,5,12.8,5,16.6
27045,3.7,1.85,5,12.4,5,15.8
27047,3.7,1.85,5,12.4,5,15.8
27049,3.7,1.85,5,12.4,5,15.8
27051,4.1,2.05,5,13.2,5,17.4
27053,3.5,1.75,5,12.0,5,15.0
27055,3.4,1.7,5,11.8,5,14.6
27057,5.5,2.75,7,16.0,7,23.0
27059,4.2,2.1,6,13.4,6,17.8
27061,7.7,3.85,10,20.4,10,31.8
27063,4.0,2.0,5,13.0,5,17.0
27065,5.1,2.55,7,15.2,7,21.4
27067,3.5,1.75,5,12.0,5,15.0
27069,4.2,2.1,6,13.4,6,17.8
27071,7.7,3.85,10,20.4,10,31.8
27073,3.9,1.95,5,12.8,5,16.6
27075,4.3,2.15,6,13.6,6,18.2
27077,4.5,2.25,6,14.0,6,19.0
27079,3.7,1.85,5,12.4,5,15.8
27081,3.2,1.6,4,11.4,4,13.8
27083,3.4,1.7,5,11.8,5,14.6
27085,4.1,2.05,5,13.2,5,17.4
27087,5.2,2.6,7,15.4,7,21.8
27089,5.6,2.8,7,16.2,7,23.4
27091,3.9,1.95,5,12.8,5,16.6
27093,4.0,2.0,5,13.0,5,17.0
27095,4.8,2.4,6,14.6,6,20.2
27097,4.5,2.25,6,14.0,6,19.0
27099,3.0,1.5,4,11.0,4,13.0
27101,3.3,1.65,4,11.6,4,14.2
27103,2.9,1.45,4,10.8,4,12.6
27105,3.6,1.8,5,12.2,5,15.4
27107,4.6,2.3,6,14.2,6,19.4
27109,3.0,1.5,4,11.0,4,13.0
27111,3.6,1.8,5,12.2,5,15.4
27113,4.3,2.15,6,13.6,6,18.2
27115,4.8,2.4,6,14.6,6,20.2
27117,3.0,1.5,4,11.0,4,13.0
27119,4.4,2.2,6,13.8,6,18.6
27121,2.8,1.4,4,10.6,4,12.2
27123,3.8,1.9,5,12.6,5,16.2
27125,6.3,3.15,8,17.6,8,26.2
27127,4.0,2.0,5,13.0,5,17.0
27129,5.2,2.6,7,15.4,7,21.8
27131,3.6,1.8,5,12.2,5,15.4
27133,2.2,1.1,3,9.4,3,9.8
27135,4.3,2.15,6,13.6,6,18.2
27137,5.7,2.85,7,16.4,7,23.8
27139,3.2,1.6,4,11.4,4,13.8
27141,3.6,1.8,5,12.2,5,15.4
27143,3.7,1.85,5,12.4,5,15.8
27145,3.5,1.75,5,12.0,5,15.0
27147,3.8,1.9,5,12.6,5,16.2
27149,2.7,1.35,4,10.4,4,11.8
27151,4.8,2.4,6,14.6,6,20.2
27153,3.9,1.95,5,12.8,5,16.6
27155,3.0,1.5,4,11.0,4,13.0
27157,3.2,1.6,4,11.4,4,13.8
27159,5.1,2.55,7,15.2,7,21.4
27161,4.0,2.0,5,13.0,5,17.0
27163,3.4,1.7,5,11.8,5,14.6
27165,5.1,2.55,7,15.2,7,21.4
27167,3.4,1.7,5,11.8,5,14.6
27169,3.7,1.85,5,12.4,5,15.8
27171,3.5,1.75,5,12.0,5,15.0
27173,3.7,1.85,5,12.4,5,15.8
28001,8.2,4.1,10,21.4,10,33.8
28003,5.0,2.5,7,15.0,7,21.0
28005,7.1,3.55,9,19.2,9,29.4
28007,6.5,3.25,8,18.0,8,27.0
28009,6.5,3.25,8,18.0,8,27.0
28011,7.4,3.7,9,19.8,9,30.6
28013,5.2,2.6,7,15.4,7,21.8
28015,7.3,3.65,9,19.6,9,30.2
28017,6.3,3.15,8,17.6,8,26.2
28019,5.3,2.65,7,15.6,7,22.2
28021,12.3,6.15,15,29.6,15,50.2
28023,6.4,3.2,8,17.8,8,26.6
28025,7.8,3.9,10,20.6,10,32.2
28027,8.1,4.05,10,21.2,10,33.4
28029,6.4,3.2,8,17.8,8,26.6
28031,5.6,2.8,7,16.2,7,23.4
28033,4.1,2.05,5,13.2,5,17.4
28035,5.8,2.9,7,16.6,7,24.2
28037,6.8,3.4,9,18.6,9,28.2
28039,7.7,3.85,10,20.4,10,31.8
28041,8.0,4.0,10,21.0,10,33.0
28043,4.9,2.45,6,14.8,6,20.6
28045,5.9,2.95,8,16.8,8,24.6
28047,5.3,2.65,7,15.6,7,22.2
28049,5.2,2.6,7,15.4,7,21.8
28051,10.9,5.45,14,26.8,14,44.6
28053,11.2,5.6,14,27.4,14,45.8
28055,9.9,4.95,12,24.8,12,40.6
28057,4.8,2.4,6,14.6,6,20.2
28059,6.4,3.2,8,17.8,8,26.6
28061,7.8,3.9,10,20.6,10,32.2
28063,15.4,7.7,19,35.8,19,62.6
28065,9.3,4.65,12,23.6,12,38.2
28067,5.9,2.95,8,16.8,8,24.6
28069,8.2,4.1,10,21.4,10,33.8
28071,4.9,2.45,6,14.8,6,20.6
28073,4.5,2.25,6,14.0,6,19.0
28075,5.8,2.9,7,16.6,7,24.2
28077,7.4,3.7,9,19.8,9,30.6
28079,5.6,2.8,7,16.2,7,23.4
28081,4.8,2.4,6,14.6,6,20.2
28083,9.0,4.5,11,23.0,11,37.0
28085,5.8,2.9,7,16.6,7,24.2
28087,5.9,2.95,8,16.8,8,24.6
28089,4.2,2.1,6,13.4,6,17.8
28091,6.8,3.4,9,18.6,9,28.2
28093,5.7,2.85,7,16.4,7,23.8
28095,6.3,3.15,8,17.6,8,26.2
28097,6.3,3.15,8,17.6,8,26.2
28099,5.4,2.7,7,15.8,7,22.6
28101,5.9,2.95,8,16.8,8,24.6
28103,8.0,4.0,10,21.0,10,33.0
28105,5.6,2.8,7,16.2,7,23.4
28107,6.7,3.35,9,18.4,9,27.8
28109,5.9,2.95,8,16.8,8,24.6
28111,7.0,3.5,9,19.0,9,29.0
28113,6.7,3.35,9,18.4,9,27.8
28115,4.5,2.25,6,14.0,6,19.0
28117,5.3,2.65,7,15.6,7,22.2
28119,8.3,4.15,10,21.6,10,34.2
28121,3.8,1.9,5,12.6,5,16.2
28123,4.5,2.25,6,14.0,6,19.0
28125,8.0,4.0,10,21.0,10,33.0
28127,5.5,2.75,7,16.0,7,23.0
28129,5.1,2.55,7,15.2,7,21.4
28131,6.8,3.4,9,18.6,9,28.2
28133,8.4,4.2,11,21.8,11,34.6
28135,5.7,2.85,7,16.4,7,23.8
28137,5.4,2.7,7,15.8,7,22.6
28139,5.2,2.6,7,15.4,7,21.8
28141,5.1,2.55,7,15.2,7,21.4
28143,6.1,3.05,8,17.2,8,25.4
28145,4.2,2.1,6,13.4,6,17.8
28147,7.9,3.95,10,20.8,10,32.6
28149,6.4,3.2,8,17.8,8,26.6
28151,9.2,4.6,12,23.4,12,37.8
28153,7.6,3.8,10,20.2,10,31.4
28155,6.1,3.05,8,17.2,8,25.4
28157,10.1,5.05,13,25.2,13,41.4
28159,7.4,3.7,9,19.8,9,30.6
28161,6.0,3.0,8,17.0,8,25.0
28163,7.0,3.5,9,19.0,9,29.0
29001,6.7,3.35,9,18.4,9,27.8
29003,4.5,2.25,6,14.0,6,19.0
29005,5.9,2.95,8,16.8,8,24.6
29007,5.1,2.55,7,15.2,7,21.4
29009,5.3,2.65,7,15.6,7,22.2
29011,6.0,3.0,8,17.0,8,25.0
29013,6.0,3.0,8,17.0,8,25.0
29015,7.3,3.65,9,19.6,9,30.2
29017,6.2,3.1,8,17.4,8,25.8
29019,4.1,2.05,5,13.2,5,17.4
29021,4.9,2.45,6,14.8,6,20.6
29023,6.9,3.45,9,18.8,9,28.6
29025,5.6,2.8,7,16.2,7,23.4
29027,5.2,2.6,7,15.4,7,21.8
29029,5.5,2.75,7,16.0,7,23.0
29031,5.3,2.65,7,15.6,7,22.2
29033,5.9,2.95,8,16.8,8,24.6
29035,7.8,3.9,10,20.6,10,32.2
29037,5.0,2.5,7,15.0,7,21.0
29039,6.4,3.2,8,17.8,8,26.6
29041,5.1,2.55,7,15.2,7,21.4
29043,4.5,2.25,6,14.0,6,19.0
29045,8.7,4.35,11,22.4,11,35.8
29047,4.5,2.25,6,14.0,6,19.0
29049,5.0,2.5,7,15.0,7,21.0
29051,4.6,2.3,6,14.2,6,19.4
29053,5.7,2.85,7,16.4,7,23.8
29055,5.9,2.95,8,16.8,8,24.6
29057,5.6,2.8,7,16.2,7,23.4
29059,6.5,3.25,8,18.0,8,27.0
29061,4.6,2.3,6,14.2,6,19.4
29063,5.1,2.55,7,15.2,7,21.4
29065,6.6,3.3,8,18.2,8,27.4
29067,7.3,3.65,9,19.6,9,30.2
29069,9.1,4.55,11,23.2,11,37.4
29071,4.9,2.45,6,14.8,6,20.6
29073,5.0,2.5,7,15.0,7,21.0
29075,4.7,2.35,6,14.4,6,19.8
29077,4.6,2.3,6,14.2,6,19.4
29079,5.6,2.8,7,16.2,7,23.4
29081,4.7,2.35,6,14.4,6,19.8
29083,5.9,2.95,8,16.8,8,24.6
29085,6.6,3.3,8,18.2,8,27.4
29087,4.0,2.0,5,13.0,5,17.0
29089,5.4,2.7,7,15.8,7,22.6
29091,7.2,3.6,9,19.4,9,29.8
29093,8.4,4.2,11,21.8,11,34.6
29095,6.0,3.0,8,17.0,8,25.0
29097,5.2,2.6,7,15.4,7,21.8
29099,4.9,2.45,6,14.8,6,20.6
29101,6.1,3.05,8,17.2,8,25.4
29103,4.1,2.05,5,13.2,5,17.4
29105,6.2,3.1,8,17.4,8,25.8
29107,4.9,2.45,6,14.8,6,20.6
29109,5.4,2.7,7,15.8,7,22.6
29111,4.9,2.45,6,14.8,6,20.6
29113,4.8,2.4,6,14.6,6,20.2
29115,9.0,4.5,11,23.0,11,37.0
29117,4.5,2.25,6,14.0,6,19.0
29119,4.9,2.45,6,14.8,6,20.6
29121,6.0,3.0,8,17.0,8,25.0
29123,6.9,3.45,9,18.8,9,28.6
29125,6.8,3.4,9,18.6,9,28.2
29127,5.0,2.5,7,15.0,7,21.0
29129,5.0,2.5,7,15.0,7,21.0
29131,5.4,2.7,7,15.8,7,22.6
29133,7.7,3.85,10,20.4,10,31.8
29135,4.9,2.45,6,14.8,6,20.6
29137,5.5,2.75,7,16.0,7,23.0
29139,5.1,2.55,7,15.2,7,21.4
29141,6.4,3.2,8,17.8,8,26.6
29143,9.9,4.95,12,24.8,12,40.6
29145,5.5,2.75,7,16.0,7,23.0
29147,6.0,3.0,8,17.0,8,25.0
29149,7.0,3.5,9,19.0,9,29.0
29151,4.2,2.1,6,13.4,6,17.8
29153,8.8,4.4,11,22.6,11,36.2
29155,9.9,4.95,12,24.8,12,40.6
29157,4.3,2.15,6,13.6,6,18.2
29159,6.1,3.05,8,17.2,8,25.4
29161,5.6,2.8,7,16.2,7,23.4
29163,5.4,2.7,7,15.8,7,22.6
29165,4.4,2.2,6,13.8,6,18.6
29167,6.4,3.2,8,17.8,8,26.6
29169,6.8,3.4,9,18.6,9,28.2
29171,5.1,2.55,7,15.2,7,21.4
29173,4.4,2.2,6,13.8,6,18.6
29175,6.6,3.3,8,18.2,8,27.4
29177,5.5,2.75,7,16.0,7,23.0
29179,8.1,4.05,10,21.2,10,33.4
29181,8.4,4.2,11,21.8,11,34.6
29183,4.1,2.05,5,13.2,5,17.4
29185,7.3,3.65,9,19.6,9,30.2
29186,5.8,2.9,7,16.6,7,24.2
29187,6.7,3.35,9,18.4,9,27.8
29189,5.1,2.55,7,15.2,7,21.4
29195,5.8,2.9,7,16.6,7,24.2
29197,7.6,3.8,10,20.2,10,31.4
29199,4.6,2.3,6,14.2,6,19.4
29201,6.9,3.45,9,18.8,9,28.6
29203,8.0,4.0,10,21.0,10,33.0
29205,4.8,2.4,6,14.6,6,20.2
29207,7.1,3.55,9,19.2,9,29.4
29209,6.0,3.0,8,17.0,8,25.0
29211,7.4,3.7,9,19.8,9,30.6
29213,6.1,3.05,8,17.2,8,25.4
29215,7.6,3.8,10,20.2,10,31.4
29217,5.8,2.9,7,16.6,7,24.2
29219,4.6,2.3,6,14.2,6,19.4
29221,7.2,3.6,9,19.4,9,29.8
29223,6.1,3.05,8,17.2,8,25.4
29225,5.9,2.95,8,16.8,8,24.6
29227,3.6,1.8,5,12.2,5,15.4
29229,7.3,3.65,9,19.6,9,30.2
29510,6.6,3.3,8,18.2,8,27.4
30001,2.9,1.45,4,10.8,4,12.6
30003,7.7,3.85,10,20.4,10,31.8
30005,4.4,2.2,6,13.8,6,18.6
30007,4.3,2.15,6,13.6,6,18.2
30009,3.5,1.75,5,12.0,5,15.0
30011,2.4,1.2,3,9.8,3,10.6
30013,3.8,1.9,5,12.6,5,16.2
30015,3.6,1.8,5,12.2,5,15.4
30017,3.7,1.85,5,12.4,5,15.8
30019,2.3,1.15,3,9.6,3,10.2
30021,4.0,2.0,5,13.0,5,17.0
30023,4.2,2.1,6,13.4,6,17.8
30025,3.1,1.55,4,11.2,4,13.4
30027,3.3,1.65,4,11.6,4,14.2
30029,4.8,2.4,6,14.6,6,20.2
30031,2.3,1.15,3,9.6,3,10.2
30033,2.4,1.2,3,9.8,3,10.6
30035,9.0,4.5,11,23.0,11,37.0
30037,3.2,1.6,4,11.4,4,13.8
30039,5.5,2.75,7,16.0,7,23.0
30041,4.9,2.45,6,14.8,6,20.6
30043,4.5,2.25,6,14.0,6,19.0
30045,2.7,1.35,4,10.4,4,11.8
30047,4.8,2.4,6,14.6,6,20.2
30049,3.3,1.65,4,11.6,4,14.2
30051,3.1,1.55,4,11.2,4,13.4
30053,7.9,3.95,10,20.8,10,32.6
30055,2.1,1.05,3,9.2,3,9.4
30057,3.1,1.55,4,11.2,4,13.4
30059,4.2,2.1,6,13.4,6,17.8
30061,7.1,3.55,9,19.2,9,29.4
30063,3.5,1.75,5,12.0,5,15.0
30065,4.3,2.15,6,13.6,6,18.2
30067,3.3,1.65,4,11.6,4,14.2
30069,3.1,1.55,4,11.2,4,13.4
30071,4.6,2.3,6,14.2,6,19.4
30073,4.7,2.35,6,14.4,6,19.8
30075,2.5,1.25,4,10.0,4,11.0
30077,4.5,2.25,6,14.0,6,19.0
30079,3.0,1.5,4,11.0,4,13.0
30081,4.5,2.25,6,14.0,6,19.0
30083,4.9,2.45,6,14.8,6,20.6
30085,6.2,3.1,8,17.4,8,25.8
30087,6.8,3.4,9,18.6,9,28.2
30089,7.0,3.5,9,19.0,9,29.0
30091,3.2,1.6,4,11.4,4,13.8
30093,4.3,2.15,6,13.6,6,18.2
30095,3.9,1.95,5,12.8,5,16.6
30097,2.9,1.45,4,10.8,4,12.6
30099,3.5,1.75,5,12.0,5,15.0
30101,3.3,1.65,4,11.6,4,14.2
30103,4.1,2.05,5,13.2,5,17.4
30105,3.0,1.5,4,11.0,4,13.0
30107,4.9,2.45,6,14.8,6,20.6
30109,4.6,2.3,6,14.2,6,19.4
30111,3.7,1.85,5,12.4,5,15.8
31001,3.3,1.65,4,11.6,4,14.2
31003,2.5,1.25,4,10.0,4,11.0
31005,5.4,2.7,7,15.8,7,22.6
31007,4.2,2.1,6,13.4,6,17.8
31009,4.1,2.05,5,13.2,5,17.4
31011,2.8,1.4,4,10.6,4,12.2
31013,3.6,1.8,5,12.2,5,15.4
31015,2.8,1.4,4,10.6,4,12.2
31017,3.5,1.75,5,12.0,5,15.0
31019,2.8,1.4,4,10.6,4,12.2
31021,3.6,1.8,5,12.2,5,15.4
31023,3.2,1.6,4,11.4,4,13.8
31025,3.5,1.75,5,12.0,5,15.0
31027,2.8,1.4,4,10.6,4,12.2
31029,2.5,1.25,4,10.0,4,11.0
31031,2.5,1.25,4,10.0,4,11.0
31033,3.3,1.65,4,11.6,4,14.2
31035,3.0,1.5,4,11.0,4,13.0
31037,3.2,1.6,4,11.4,4,13.8
31039,3.2,1.6,4,11.4,4,13.8
31041,2.6,1.3,4,10.2,4,11.4
31043,4.5,2.25,6,14.0,6,19.0
31045,3.4,1.7,5,11.8,5,14.6
31047,3.0,1.5,4,11.0,4,13.0
31049,3.4,1.7,5,11.8,5,14.6
31051,3.4,1.7,5,11.8,5,14.6
31053,3.3,1.65,4,11.6,4,14.2
31055,3.5,1.75,5,12.0,5,15.0
31057,2.5,1.25,4,10.0,4,11.0
31059,2.8,1.4,4,10.6,4,12.2
31061,3.3,1.65,4,11.6,4,14.2
31063,2.8,1.4,4,10.6,4,12.2
31065,3.3,1.65,4,11.6,4,14.2
31067,3.5,1.75,5,12.0,5,15.0
31069,3.2,1.6,4,11.4,4,13.8
31071,2.7,1.35,4,10.4,4,11.8
31073,2.7,1.35,4,10.4,4,11.8
31075,2.6,1.3,4,10.2,4,11.4
31077,3.7,1.85,5,12.4,5,15.8
31079,3.4,1.7,5,11.8,5,14.6
31081,2.9,1.45,4,10.8,4,12.6
31083,2.9,1.45,4,10.8,4,12.6
31085,2.8,1.4,4,10.6,4,12.2
31087,4.1,2.05,5,13.2,5,17.4
31089,3.1,1.55,4,11.2,4,13.4
31091,2.7,1.35,4,10.4,4,11.8
31093,2.9,1.45,4,10.8,4,12.6
31095,2.7,1.35,4,10.4,4,11.8
31097,3.1,1.55,4,11.2,4,13.4
31099,2.4,1.2,3,9.8,3,10.6
31101,3.0,1.5,4,11.0,4,13.0
31103,2.3,1.15,3,9.6,3,10.2
31105,4.3,2.15,6,13.6,6,18.2
31107,2.8,1.4,4,10.6,4,12.2
31109,3.0,1.5,4,11.0,4,13.0
31111,3.2,1.6,4,11.4,4,13.8
31113,3.0,1.5,4,11.0,4,13.0
31115,3.7,1.85,5,12.4,5,15.8
31117,2.5,1.25,4,10.0,4,11.0
31119,3.0,1.5,4,11.0,4,13.0
31121,3.7,1.85,5,12.4,5,15.8
31123,3.5,1.75,5,12.0,5,15.0
31125,2.9,1.45,4,10.8,4,12.6
31127,4.3,2.15,6,13.6,6,18.2
31129,3.0,1.5,4,11.0,4,13.0
31131,3.6,1.8,5,12.2,5,15.4
31133,2.4,1.2,3,9.8,3,10.6
31135,2.5,1.25,4,10.0,4,11.0
31137,2.8,1.4,4,10.6,4,12.2
31139,2.5,1.25,4,10.0,4,11.0
31141,3.5,1.75,5,12.0,5,15.0
31143,2.7,1.35,4,10.4,4,11.8
31145,3.2,1.6,4,11.4,4,13.8
31147,3.3,1.65,4,11.6,4,14.2
31149,2.6,1.3,4,10.2,4,11.4
31151,3.1,1.55,4,11.2,4,13.4
31153,3.1,1.55,4,11.2,4,13.4
31155,3.2,1.6,4,11.4,4,13.8
31157,3.8,1.9,5,12.6,5,16.2
31159,3.1,1.55,4,11.2,4,13.4
31161,3.4,1.7,5,11.8,5,14.6
31163,3.3,1.65,4,11.6,4,14.2
31165,2.6,1.3,4,10.2,4,11.4
31167,2.7,1.35,4,10.4,4,11.8
31169,2.8,1.4,4,10.6,4,12.2
31171,3.2,1.6,4,11.4,4,13.8
31173,4.6,2.3,6,14.2,6,19.4
31175,2.9,1.45,4,10.8,4,12.6
31177,3.2,1.6,4,11.4,4,13.8
31179,3.4,1.7,5,11.8,5,14.6
31181,3.7,1.85,5,12.4,5,15.8
31183,2.7,1.35,4,10.4,4,11.8
31185,2.9,1.45,4,10.8,4,12.6
32001,5.8,2.9,7,16.6,7,24.2
32003,6.0,3.0,8,17.0,8,25.0
32005,5.3,2.65,7,15.6,7,22.2
32007,4.4,2.2,6,13.8,6,18.6
32009,4.7,2.35,6,14.4,6,19.8
32011,5.1,2.55,7,15.2,7,21.4
32013,5.5,2.75,7,16.0,7,23.0
32015,5.9,2.95,8,16.8,8,24.6
32017,5.3,2.65,7,15.6,7,22.2
32019,7.3,3.65,9,19.6,9,30.2
32021,8.6,4.3,11,22.2,11,35.4
32023,7.5,3.75,10,20.0,10,31.0
32027,6.0,3.0,8,17.0,8,25.0
32029,5.8,2.9,7,16.6,7,24.2
32031,4.9,2.45,6,14.8,6,20.6
32033,4.6,2.3,6,14.2,6,19.4
32510,6.0,3.0,8,17.0,8,25.0
33001,2.6,1.3,4,10.2,4,11.4
33003,2.8,1.4,4,10.6,4,12.2
33005,2.9,1.45,4,10.8,4,12.6
33007,3.5,1.75,5,12.0,5,15.0
33009,2.4,1.2,3,9.8,3,10.6
33011,3.2,1.6,4,11.4,4,13.8
33013,2.6,1.3,4,10.2,4,11.4
33015,3.1,1.55,4,11.2,4,13.4
33017,2.7,1.35,4,10.4,4,11.8
33019,2.5,1.25,4,10.0,4,11.0
34001,7.1,3.55,9,19.2,9,29.4
34003,4.7,2.35,6,14.4,6,19.8
34005,5.0,2.5,7,15.0,7,21.0
34007,6.0,3.0,8,17.0,8,25.0
34009,5.7,2.85,7,16.4,7,23.8
34011,7.9,3.95,10,20.8,10,32.6
34013,6.6,3.3,8,18.2,8,27.4
34015,5.6,2.8,7,16.2,7,23.4
34017,5.2,2.6,7,15.4,7,21.8
34019,4.1,2.05,5,13.2,5,17.4
34021,4.9,2.45,6,14.8,6,20.6
34023,4.9,2.45,6,14.8,6,20.6
34025,4.8,2.4,6,14.6,6,20.2
34027,4.2,2.1,6,13.4,6,17.8
34029,5.4,2.7,7,15.8,7,22.6
34031,6.8,3.4,9,18.6,9,28.2
34033,6.8,3.4,9,18.6,9,28.2
34035,4.4,2.2,6,13.8,6,18.6
34037,5.0,2.5,7,15.0,7,21.0
34039,5.6,2.8,7,16.2,7,23.4
34041,5.1,2.55,7,15.2,7,21.4
35001,6.2,3.1,8,17.4,8,25.8
35003,6.9,3.45,9,18.8,9,28.6
35005,6.9,3.45,9,18.8,9,28.6
35006,9.1,4.55,11,23.2,11,37.4
35007,5.6,2.8,7,16.2,7,23.4
35009,5.4,2.7,7,15.8,7,22.6
35011,5.0,2.5,7,15.0,7,21.0
35013,7.1,3.55,9,19.2,9,29.4
35015,7.2,3.6,9,19.4,9,29.8
35017,6.6,3.3,8,18.2,8,27.4
35019,6.4,3.2,8,17.8,8,26.6
35021,7.3,3.65,9,19.6,9,30.2
35023,5.4,2.7,7,15.8,7,22.6
35025,9.8,4.9,12,24.6,12,40.2
35027,6.0,3.0,8,17.0,8,25.0
35028,4.5,2.25,6,14.0,6,19.0
35029,10.0,5.0,13,25.0,13,41.0
35031,9.8,4.9,12,24.6,12,40.2
35033,8.0,4.0,10,21.0,10,33.0
35035,6.4,3.2,8,17.8,8,26.6
35037,7.0,3.5,9,19.0,9,29.0
35039,7.3,3.65,9,19.6,9,30.2
35041,6.1,3.05,8,17.2,8,25.4
35043,7.1,3.55,9,19.2,9,29.4
35045,9.4,4.7,12,23.8,12,38.6
35047,8.1,4.05,10,21.2,10,33.4
35049,5.5,2.75,7,16.0,7,23.0
35051,7.8,3.9,10,20.6,10,32.2
35053,8.0,4.0,10,21.0,10,33.0
35055,8.3,4.15,10,21.6,10,34.2
35057,9.3,4.65,12,23.6,12,38.2
35059,4.5,2.25,6,14.0,6,19.0
35061,7.6,3.8,10,20.2,10,31.4
36001,4.0,2.0,5,13.0,5,17.0
36003,4.9,2.45,6,14.8,6,20.6
36005,7.8,3.9,10,20.6,10,32.2
36007,5.0,2.5,7,15.0,7,21.0
36009,5.2,2.6,7,15.4,7,21.8
36011,4.4,2.2,6,13.8,6,18.6
36013,5.1,2.55,7,15.2,7,21.4
36015,5.2,2.6,7,15.4,7,21.8
36017,4.4,2.2,6,13.8,6,18.6
36019,5.1,2.55,7,15.2,7,21.4
36021,3.3,1.65,4,11.6,4,14.2
36023,4.6,2.3,6,14.2,6,19.4
36025,4.9,2.45,6,14.8,6,20.6
36027,4.0,2.0,5,13.0,5,17.0
36029,4.6,2.3,6,14.2,6,19.4
36031,4.1,2.05,5,13.2,5,17.4
36033,4.8,2.4,6,14.6,6,20.2
36035,5.2,2.6,7,15.4,7,21.8
36037,3.8,1.9,5,12.6,5,16.2
36039,4.5,2.25,6,14.0,6,19.0
36041,2.9,1.45,4,10.8,4,12.6
36043,4.4,2.2,6,13.8,6,18.6
36045,5.1,2.55,7,15.2,7,21.4
36047,5.9,2.95,8,16.8,8,24.6
36049,5.4,2.7,7,15.8,7,22.6
36051,4.2,2.1,6,13.4,6,17.8
36053,4.6,2.3,6,14.2,6,19.4
36055,4.6,2.3,6,14.2,6,19.4
36057,5.2,2.6,7,15.4,7,21.8
36059,3.8,1.9,5,12.6,5,16.2
36061,4.9,2.45,6,14.8,6,20.6
36063,5.2,2.6,7,15.4,7,21.8
36065,4.3,2.15,6,13.6,6,18.2
36067,4.2,2.1,6,13.4,6,17.8
36069,3.7,1.85,5,12.4,5,15.8
36071,4.2,2.1,6,13.4,6,17.8
36073,5.2,2.6,7,15.4,7,21.8
36075,5.7,2.85,7,16.4,7,23.8
36077,4.3,2.15,6,13.6,6,18.2
36079,3.9,1.95,5,12.8,5,16.6
36081,5.0,2.5,7,15.0,7,21.0
36083,4.1,2.05,5,13.2,5,17.4
36085,5.9,2.95,8,16.8,8,24.6
36087,4.1,2.05,5,13.2,5,17.4
36089,5.8,2.9,7,16.6,7,24.2
36091,3.5,1.75,5,12.0,5,15.0
36093,4.2,2.1,6,13.4,6,17.8
36095,4.7,2.35,6,14.4,6,19.8
36097,4.6,2.3,6,14.2,6,19.4
36099,3.8,1.9,5,12.6,5,16.2
36101,5.0,2.5,7,15.0,7,21.0
36103,4.3,2.15,6,13.6,6,18.2
36105,4.1,2.05,5,13.2,5,17.4
36107,4.5,2.25,6,14.0,6,19.0
36109,3.7,1.85,5,12.4,5,15.8
36111,4.3,2.15,6,13.6,6,18.2
36113,4.1,2.05,5,13.2,5,17.4
36115,3.8,1.9,5,12.6,5,16.2
36117,4.5,2.25,6,14.0,6,19.0
36119,4.2,2.1,6,13.4,6,17.8
36121,4.1,2.05,5,13.2,5,17.4
36123,3.7,1.85,5,12.4,5,15.8
37001,4.8,2.4,6,14.6,6,20.2
37003,4.5,2.25,6,14.0,6,19.0
37005,5.1,2.55,7,15.2,7,21.4
37007,5.9,2.95,8,16.8,8,24.6
37009,4.5,2.25,6,14.0,6,19.0
37011,4.8,2.4,6,14.6,6,20.2
37013,5.6,2.8,7,16.2,7,23.4
37015,6.4,3.2,8,17.8,8,26.6
37017,6.7,3.35,9,18.4,9,27.8
37019,5.7,2.85,7,16.4,7,23.8
37021,3.9,1.95,5,12.8,5,16.6
37023,5.1,2.55,7,15.2,7,21.4
37025,4.6,2.3,6,14.2,6,19.4
37027,5.3,2.65,7,15.6,7,22.2
37029,5.3,2.65,7,15.6,7,22.2
37031,4.7,2.35,6,14.4,6,19.8
37033,5.5,2.75,7,16.0,7,23.0
37035,4.9,2.45,6,14.8,6,20.6
37037,4.3,2.15,6,13.6,6,18.2
37039,5.4,2.7,7,15.8,7,22.6
37041,6.5,3.25,8,18.0,8,27.0
37043,5.1,2.55,7,15.2,7,21.4
37045,5.6,2.8,7,16.2,7,23.4
37047,6.1,3.05,8,17.2,8,25.4
37049,5.1,2.55,7,15.2,7,21.4
37051,6.3,3.15,8,17.6,8,26.2
37053,4.6,2.3,6,14.2,6,19.4
37055,4.2,2.1,6,13.4,6,17.8
37057,4.9,2.45,6,14.8,6,20.6
37059,4.6,2.3,6,14.2,6,19.4
37061,5.4,2.7,7,15.8,7,22.6
37063,4.5,2.25,6,14.0,6,19.0
37065,8.5,4.25,11,22.0,11,35.0
37067,4.9,2.45,6,14.8,6,20.6
37069,5.1,2.55,7,15.2,7,21.4
37071,5.3,2.65,7,15.6,7,22.2
37073,5.2,2.6,7,15.4,7,21.8
37075,7.1,3.55,9,19.2,9,29.4
37077,4.4,2.2,6,13.8,6,18.6
37079,5.0,2.5,7,15.0,7,21.0
37081,5.3,2.65,7,15.6,7,22.2
37083,7.8,3.9,10,20.6,10,32.2
37085,5.8,2.9,7,16.6,7,24.2
37087,4.4,2.2,6,13.8,6,18.6
37089,4.3,2.15,6,13.6,6,18.2
37091,6.5,3.25,8,18.0,8,27.0
37093,6.5,3.25,8,18.0,8,27.0
37095,6.4,3.2,8,17.8,8,26.6
37097,4.7,2.35,6,14.4,6,19.8
37099,5.1,2.55,7,15.2,7,21.4
37101,4.5,2.25,6,14.0,6,19.0
37103,5.1,2.55,7,15.2,7,21.4
37105,5.7,2.85,7,16.4,7,23.8
37107,5.4,2.7,7,15.8,7,22.6
37109,4.6,2.3,6,14.2,6,19.4
37111,4.6,2.3,6,14.2,6,19.4
37113,5.1,2.55,7,15.2,7,21.4
37115,4.9,2.45,6,14.8,6,20.6
37117,6.8,3.4,9,18.6,9,28.2
37119,4.7,2.35,6,14.4,6,19.8
37121,6.0,3.0,8,17.0,8,25.0
37123,5.2,2.6,7,15.4,7,21.8
37125,5.0,2.5,7,15.0,7,21.0
37127,6.8,3.4,9,18.6,9,28.2
37129,4.7,2.35,6,14.4,6,19.8
37131,7.3,3.65,9,19.6,9,30.2
37133,5.4,2.7,7,15.8,7,22.6
37135,4.5,2.25,6,14.0,6,19.0
37137,5.1,2.55,7,15.2,7,21.4
37139,6.2,3.1,8,17.4,8,25.8
37141,5.2,2.6,7,15.4,7,21.8
37143,6.3,3.15,8,17.6,8,26.2
37145,5.4,2.7,7,15.8,7,22.6
37147,5.7,2.85,7,16.4,7,23.8
37149,4.9,2.45,6,14.8,6,20.6
37151,4.8,2.4,6,14.6,6,20.2
37153,6.9,3.45,9,18.8,9,28.6
37155,7.3,3.65,9,19.6,9,30.2
37157,5.5,2.75,7,16.0,7,23.0
37159,5.5,2.75,7,16.0,7,23.0
37161,6.6,3.3,8,18.2,8,27.4
37163,5.6,2.8,7,16.2,7,23.4
37165,8.9,4.45,11,22.8,11,36.6
37167,4.7,2.35,6,14.4,6,19.8
37169,4.9,2.45,6,14.8,6,20.6
37171,4.8,2.4,6,14.6,6,20.2
37173,4.9,2.45,6,14.8,6,20.6
37175,4.8,2.4,6,14.6,6,20.2
37177,6.2,3.1,8,17.4,8,25.8
37179,4.4,2.2,6,13.8,6,18.6
37181,7.3,3.65,9,19.6,9,30.2
37183,4.2,2.1,6,13.4,6,17.8
37185,7.0,3.5,9,19.0,9,29.0
37187,6.9,3.45,9,18.8,9,28.6
37189,4.7,2.35,6,14.4,6,19.8
37191,5.6,2.8,7,16.2,7,23.4
37193,4.7,2.35,6,14.4,6,19.8
37195,8.1,4.05,10,21.2,10,33.4
37197,4.4,2.2,6,13.8,6,18.6
37199,5.1,2.55,7,15.2,7,21.4
38001,2.3,1.15,3,9.6,3,10.2
38003,3.2,1.6,4,11.4,4,13.8
38005,3.1,1.55,4,11.2,4,13.4
38007,2.5,1.25,4,10.0,4,11.0
38009,3.2,1.6,4,11.4,4,13.8
38011,1.8,0.9,3,8.6,3,8.2
38013,3.8,1.9,5,12.6,5,16.2
38015,2.3,1.15,3,9.6,3,10.2
38017,2.0,1.0,3,9.0,3,9.0
38019,1.9,0.95,3,8.8,3,8.6
38021,1.8,0.9,3,8.6,3,8.2
38023,2.0,1.0,3,9.0,3,9.0
38025,2.2,1.1,3,9.4,3,9.8
38027,2.8,1.4,4,10.6,4,12.2
38029,3.1,1.55,4,11.2,4,13.4
38031,2.5,1.25,4,10.0,4,11.0
38033,2.4,1.2,3,9.8,3,10.6
38035,2.3,1.15,3,9.6,3,10.2
38037,2.1,1.05,3,9.2,3,9.4
38039,2.3,1.15,3,9.6,3,10.2
38041,2.9,1.45,4,10.8,4,12.6
38043,2.6,1.3,4,10.2,4,11.4
38045,2.0,1.0,3,9.0,3,9.0
38047,2.9,1.45,4,10.8,4,12.6
38049,4.1,2.05,5,13.2,5,17.4
38051,2.4,1.2,3,9.8,3,10.6
38053,3.1,1.55,4,11.2,4,13.4
38055,3.1,1.55,4,11.2,4,13.4
38057,4.5,2.25,6,14.0,6,19.0
38059,2.9,1.45,4,10.8,4,12.6
38061,2.9,1.45,4,10.8,4,12.6
38063,2.9,1.45,4,10.8,4,12.6
38065,5.3,2.65,7,15.6,7,22.2
38067,4.5,2.25,6,14.0,6,19.0
38069,3.0,1.5,4,11.0,4,13.0
38071,2.5,1.25,4,10.0,4,11.0
38073,1.9,0.95,3,8.8,3,8.6
38075,3.5,1.75,5,12.0,5,15.0
38077,2.7,1.35,4,10.4,4,11.8
38079,14.2,7.1,18,33.4,18,57.8
38081,1.6,0.8,2,8.2,2,7.4
38083,3.7,1.85,5,12.4,5,15.8
38085,5.3,2.65,7,15.6,7,22.2
38087,2.3,1.15,3,9.6,3,10.2
38089,3.3,1.65,4,11.6,4,14.2
38091,1.7,0.85,3,8.4,3,7.8
38093,2.1,1.05,3,9.2,3,9.4
38095,2.0,1.0,3,9.0,3,9.0
38097,2.7,1.35,4,10.4,4,11.8
38099,3.6,1.8,5,12.2,5,15.4
38101,3.5,1.75,5,12.0,5,15.0
38103,2.7,1.35,4,10.4,4,11.8
38105,3.7,1.85,5,12.4,5,15.8
39001,6.8,3.4,9,18.6,9,28.2
39003,4.6,2.3,6,14.2,6,19.4
39005,4.3,2.15,6,13.6,6,18.2
39007,5.3,2.65,7,15.6,7,22.2
39009,6.0,3.0,8,17.0,8,25.0
39011,3.5,1.75,5,12.0,5,15.0
39013,6.3,3.15,8,17.6,8,26.2
39015,5.0,2.5,7,15.0,7,21.0
39017,4.2,2.1,6,13.4,6,17.8
39019,6.0,3.0,8,17.0,8,25.0
39021,4.1,2.05,5,13.2,5,17.4
39023,4.7,2.35,6,14.4,6,19.8
39025,4.1,2.05,5,13.2,5,17.4
39027,5.4,2.7,7,15.8,7,22.6
39029,6.0,3.0,8,17.0,8,25.0
39031,6.2,3.1,8,17.4,8,25.8
39033,5.5,2.75,7,16.0,7,23.0
39035,5.5,2.75,7,16.0,7,23.0
39037,3.7,1.85,5,12.4,5,15.8
39039,4.3,2.15,6,13.6,6,18.2
39041,3.4,1.7,5,11.8,5,14.6
39043,4.6,2.3,6,14.2,6,19.4
39045,3.9,1.95,5,12.8,5,16.6
39047,3.9,1.95,5,12.8,5,16.6
39049,3.9,1.95,5,12.8,5,16.6
39051,4.0,2.0,5,13.0,5,17.0
39053,6.4,3.2,8,17.8,8,26.6
39055,4.4,2.2,6,13.8,6,18.6
39057,4.2,2.1,6,13.4,6,17.8
39059,5.8,2.9,7,16.6,7,24.2
39061,4.2,2.1,6,13.4,6,17.8
39063,3.5,1.75,5,12.0,5,15.0
39065,4.9,2.45,6,14.8,6,20.6
39067,6.4,3.2,8,17.8,8,26.6
39069,4.2,2.1,6,13.4,6,17.8
39071,5.5,2.75,7,16.0,7,23.0
39073,4.5,2.25,6,14.0,6,19.0
39075,3.3,1.65,4,11.6,4,14.2
39077,5.0,2.5,7,15.0,7,21.0
39079,7.0,3.5,9,19.0,9,29.0
39081,7.4,3.7,9,19.8,9,30.6
39083,4.1,2.05,5,13.2,5,17.4
39085,4.8,2.4,6,14.6,6,20.2
39087,6.1,3.05,8,17.2,8,25.4
39089,4.1,2.05,5,13.2,5,17.4
39091,3.9,1.95,5,12.8,5,16.6
39093,5.9,2.95,8,16.8,8,24.6
39095,4.9,2.45,6,14.8,6,20.6
39097,3.5,1.75,5,12.0,5,15.0
39099,5.8,2.9,7,16.6,7,24.2
39101,4.7,2.35,6,14.4,6,19.8
39103,4.3,2.15,6,13.6,6,18.2
39105,7.6,3.8,10,20.2,10,31.4
39107,3.0,1.5,4,11.0,4,13.0
39109,4.0,2.0,5,13.0,5,17.0
39111,9.1,4.55,11,23.2,11,37.4
39113,4.6,2.3,6,14.2,6,19.4
39115,6.8,3.4,9,18.6,9,28.2
39117,4.4,2.2,6,13.8,6,18.6
39119,5.3,2.65,7,15.6,7,22.2
39121,7.3,3.65,9,19.6,9,30.2
39123,4.6,2.3,6,14.2,6,19.4
39125,4.2,2.1,6,13.4,6,17.8
39127,5.5,2.75,7,16.0,7,23.0
39129,4.2,2.1,6,13.4,6,17.8
39131,6.8,3.4,9,18.6,9,28.2
39133,4.5,2.25,6,14.0,6,19.0
39135,4.3,2.15,6,13.6,6,18.2
39137,3.2,1.6,4,11.4,4,13.8
39139,4.9,2.45,6,14.8,6,20.6
39141,4.8,2.4,6,14.6,6,20.2
39143,4.1,2.05,5,13.2,5,17.4
39145,7.0,3.5,9,19.0,9,29.0
39147,4.4,2.2,6,13.8,6,18.6
39149,3.7,1.85,5,12.4,5,15.8
39151,4.9,2.45,6,14.8,6,20.6
39153,4.7,2.35,6,14.4,6,19.8
39155,6.0,3.0,8,17.0,8,25.0
39157,5.0,2.5,7,15.0,7,21.0
39159,3.5,1.75,5,12.0,5,15.0
39161,3.7,1.85,5,12.4,5,15.8
39163,5.9,2.95,8,16.8,8,24.6
39165,3.9,1.95,5,12.8,5,16.6
39167,6.4,3.2,8,17.8,8,26.6
39169,3.6,1.8,5,12.2,5,15.4
39171,4.1,2.05,5,13.2,5,17.4
39173,4.0,2.0,5,13.0,5,17.0
39175,3.4,1.7,5,11.8,5,14.6
40001,5.8,2.9,7,16.6,7,24.2
40003,3.6,1.8,5,12.2,5,15.4
40005,7.1,3.55,9,19.2,9,29.4
40007,3.2,1.6,4,11.4,4,13.8
40009,7.7,3.85,10,20.4,10,31.8
40011,3.7,1.85,5,12.4,5,15.8
40013,4.3,2.15,6,13.6,6,18.2
40015,5.6,2.8,7,16.2,7,23.4
40017,4.3,2.15,6,13.6,6,18.2
40019,5.4,2.7,7,15.8,7,22.6
40021,5.6,2.8,7,16.2,7,23.4
40023,8.3,4.15,10,21.6,10,34.2
40025,2.7,1.35,4,10.4,4,11.8
40027,4.0,2.0,5,13.0,5,17.0
40029,7.5,3.75,10,20.0,10,31.0
40031,4.8,2.4,6,14.6,6,20.2
40033,5.2,2.6,7,15.4,7,21.8
40035,4.9,2.45,6,14.8,6,20.6
40037,6.3,3.15,8,17.6,8,26.2
40039,4.9,2.45,6,14.8,6,20.6
40041,5.2,2.6,7,15.4,7,21.8
40043,4.1,2.05,5,13.2,5,17.4
40045,3.7,1.85,5,12.4,5,15.8
40047,4.5,2.25,6,14.0,6,19.0
40049,5.7,2.85,7,16.4,7,23.8
40051,5.2,2.6,7,15.4,7,21.8
40053,3.1,1.55,4,11.2,4,13.4
40055,7.9,3.95,10,20.8,10,32.6
40057,3.6,1.8,5,12.2,5,15.4
40059,4.3,2.15,6,13.6,6,18.2
40061,8.8,4.4,11,22.6,11,36.2
40063,7.5,3.75,10,20.0,10,31.0
40065,4.9,2.45,6,14.8,6,20.6
40067,8.0,4.0,10,21.0,10,33.0
40069,6.5,3.25,8,18.0,8,27.0
40071,6.7,3.35,9,18.4,9,27.8
40073,3.6,1.8,5,12.2,5,15.4
40075,5.6,2.8,7,16.2,7,23.4
40077,9.7,4.85,12,24.4,12,39.8
40079,7.4,3.7,9,19.8,9,30.6
40081,5.5,2.75,7,16.0,7,23.0
40083,4.3,2.15,6,13.6,6,18.2
40085,3.3,1.65,4,11.6,4,14.2
40087,4.3,2.15,6,13.6,6,18.2
40089,7.7,3.85,10,20.4,10,31.8
40091,9.5,4.75,12,24.0,12,39.0
40093,4.3,2.15,6,13.6,6,18.2
40095,5.1,2.55,7,15.2,7,21.4
40097,5.5,2.75,7,16.0,7,23.0
40099,4.3,2.15,6,13.6,6,18.2
40101,6.0,3.0,8,17.0,8,25.0
40103,4.0,2.0,5,13.0,5,17.0
40105,6.5,3.25,8,18.0,8,27.0
40107,6.1,3.05,8,17.2,8,25.4
40109,4.5,2.25,6,14.0,6,19.0
40111,7.4,3.7,9,19.8,9,30.6
40113,6.1,3.05,8,17.2,8,25.4
40115,5.3,2.65,7,15.6,7,22.2
40117,7.1,3.55,9,19.2,9,29.4
40119,3.9,1.95,5,12.8,5,16.6
40121,6.5,3.25,8,18.0,8,27.0
40123,4.2,2.1,6,13.4,6,17.8
40125,5.0,2.5,7,15.0,7,21.0
40127,7.7,3.85,10,20.4,10,31.8
40129,5.4,2.7,7,15.8,7,22.6
40131,5.6,2.8,7,16.2,7,23.4
40133,7.3,3.65,9,19.6,9,30.2
40135,6.5,3.25,8,18.0,8,27.0
40137,10.4,5.2,13,25.8,13,42.6
40139,3.5,1.75,5,12.0,5,15.0
40141,4.5,2.25,6,14.0,6,19.0
40143,5.2,2.6,7,15.4,7,21.8
40145,5.2,2.6,7,15.4,7,21.8
40147,5.0,2.5,7,15.0,7,21.0
40149,7.2,3.6,9,19.4,9,29.8
40151,3.3,1.65,4,11.6,4,14.2
40153,6.4,3.2,8,17.8,8,26.6
41001,6.7,3.35,9,18.4,9,27.8
41003,5.0,2.5,7,15.0,7,21.0
41005,5.2,2.6,7,15.4,7,21.8
41007,5.1,2.55,7,15.2,7,21.4
41009,7.1,3.55,9,19.2,9,29.4
41011,7.3,3.65,9,19.6,9,30.2
41013,6.9,3.45,9,18.8,9,28.6
41015,7.0,3.5,9,19.0,9,29.0
41017,5.1,2.55,7,15.2,7,21.4
41019,7.3,3.65,9,19.6,9,30.2
41021,7.1,3.55,9,19.2,9,29.4
41023,6.1,3.05,8,17.2,8,25.4
41025,5.9,2.95,8,16.8,8,24.6
41027,4.0,2.0,5,13.0,5,17.0
41029,6.8,3.4,9,18.6,9,28.2
41031,6.6,3.3,8,18.2,8,27.4
41033,7.4,3.7,9,19.8,9,30.6
41035,7.2,3.6,9,19.4,9,29.8
41037,5.7,2.85,7,16.4,7,23.8
41039,6.2,3.1,8,17.4,8,25.8
41041,5.9,2.95,8,16.8,8,24.6
41043,6.7,3.35,9,18.4,9,27.8
41045,6.1,3.05,8,17.2,8,25.4
41047,5.9,2.95,8,16.8,8,24.6
41049,5.8,2.9,7,16.6,7,24.2
41051,5.0,2.5,7,15.0,7,21.0
41053,6.0,3.0,8,17.0,8,25.0
41055,4.3,2.15,6,13.6,6,18.2
41057,5.2,2.6,7,15.4,7,21.8
41059,5.9,2.95,8,16.8,8,24.6
41061,6.3,3.15,8,17.6,8,26.2
41063,5.0,2.5,7,15.0,7,21.0
41065,5.9,2.95,8,16.8,8,24.6
41067,5.0,2.5,7,15.0,7,21.0
41069,4.9,2.45,6,14.8,6,20.6
41071,5.4,2.7,7,15.8,7,22.6
42001,4.5,2.25,6,14.0,6,19.0
42003,5.9,2.95,8,16.8,8,24.6
42005,8.0,4.0,10,21.0,10,33.0
42007,6.8,3.4,9,18.6,9,28.2
42009,5.8,2.9,7,16.6,7,24.2
42011,5.6,2.8,7,16.2,7,23.4
42013,5.7,2.85,7,16.4,7,23.8
42015,6.5,3.25,8,18.0,8,27.0
42017,5.2,2.6,7,15.4,7,21.8
42019,5.7,2.85,7,16.4,7,23.8
42021,7.7,3.85,10,20.4,10,31.8
42023,8.2,4.1,10,21.4,10,33.8
42025,6.7,3.35,9,18.4,9,27.8
42027,4.8,2.4,6,14.6,6,20.2
42029,4.6,2.3,6,14.2,6,19.4
42031,7.2,3.6,9,19.4,9,29.8
42033,7.5,3.75,10,20.0,10,31.0
42035,7.3,3.65,9,19.6,9,30.2
42037,6.2,3.1,8,17.4,8,25.8
42039,6.7,3.35,9,18.4,9,27.8
42041,4.7,2.35,6,14.4,6,19.8
42043,5.3,2.65,7,15.6,7,22.2
42045,5.6,2.8,7,16.2,7,23.4
42047,6.7,3.35,9,18.4,9,27.8
42049,7.1,3.55,9,19.2,9,29.4
42051,8.5,4.25,11,22.0,11,35.0
42053,8.5,4.25,11,22.0,11,35.0
42055,5.7,2.85,7,16.4,7,23.8
42057,6.3,3.15,8,17.6,8,26.2
42059,8.1,4.05,10,21.2,10,33.4
42061,7.1,3.55,9,19.2,9,29.4
42063,8.3,4.15,10,21.6,10,34.2
42065,7.3,3.65,9,19.6,9,30.2
42067,5.8,2.9,7,16.6,7,24.2
42069,6.4,3.2,8,17.8,8,26.6
42071,4.8,2.4,6,14.6,6,20.2
42073,7.0,3.5,9,19.0,9,29.0
42075,5.1,2.55,7,15.2,7,21.4
42077,6.3,3.15,8,17.6,8,26.2
42079,6.9,3.45,9,18.8,9,28.6
42081,7.0,3.5,9,19.0,9,29.0
42083,7.2,3.6,9,19.4,9,29.8
42085,6.8,3.4,9,18.6,9,28.2
42087,6.0,3.0,8,17.0,8,25.0
42089,6.9,3.45,9,18.8,9,28.6
42091,4.7,2.35,6,14.4,6,19.8
42093,4.9,2.45,6,14.8,6,20.6
42095,5.9,2.95,8,16.8,8,24.6
42097,6.6,3.3,8,18.2,8,27.4
42099,5.1,2.55,7,15.2,7,21.4
42101,7.7,3.85,10,20.4,10,31.8
42103,6.8,3.4,9,18.6,9,28.2
42105,7.8,3.9,10,20.6,10,32.2
42107,6.7,3.35,9,18.4,9,27.8
42109,5.1,2.55,7,15.2,7,21.4
42111,7.5,3.75,10,20.0,10,31.0
42113,7.0,3.5,9,19.0,9,29.0
42115,5.4,2.7,7,15.8,7,22.6
42117,7.4,3.7,9,19.8,9,30.6
42119,5.4,2.7,7,15.8,7,22.6
42121,8.0,4.0,10,21.0,10,33.0
42123,5.9,2.95,8,16.8,8,24.6
42125,6.6,3.3,8,18.2,8,27.4
42127,5.6,2.8,7,16.2,7,23.4
42129,6.6,3.3,8,18.2,8,27.4
42131,6.2,3.1,8,17.4,8,25.8
42133,5.2,2.6,7,15.4,7,21.8
44001,5.0,2.5,7,15.0,7,21.0
44003,5.3,2.65,7,15.6,7,22.2
44005,4.8,2.4,6,14.6,6,20.2
44007,6.3,3.15,8,17.6,8,26.2
44009,5.0,2.5,7,15.0,7,21.0
45001,6.1,3.05,8,17.2,8,25.4
45003,5.6,2.8,7,16.2,7,23.4
45005,9.1,4.55,11,23.2,11,37.4
45007,5.2,2.6,7,15.4,7,21.8
45009,11.4,5.7,14,27.8,14,46.6
45011,8.0,4.0,10,21.0,10,33.0
45013,5.1,2.55,7,15.2,7,21.4
45015,5.0,2.5,7,15.0,7,21.0
45017,7.4,3.7,9,19.8,9,30.6
45019,4.5,2.25,6,14.0,6,19.0
45021,6.6,3.3,8,18.2,8,27.4
45023,8.4,4.2,11,21.8,11,34.6
45025,5.7,2.85,7,16.4,7,23.8
45027,7.1,3.55,9,19.2,9,29.4
45029,5.8,2.9,7,16.6,7,24.2
45031,6.8,3.4,9,18.6,9,28.2
45033,7.1,3.55,9,19.2,9,29.4
45035,4.9,2.45,6,14.8,6,20.6
45037,6.1,3.05,8,17.2,8,25.4
45039,7.7,3.85,10,20.4,10,31.8
45041,5.8,2.9,7,16.6,7,24.2
45043,6.6,3.3,8,18.2,8,27.4
45045,4.7,2.35,6,14.4,6,19.8
45047,5.8,2.9,7,16.6,7,24.2
45049,6.2,3.1,8,17.4,8,25.8
45051,5.4,2.7,7,15.8,7,22.6
45053,4.7,2.35,6,14.4,6,19.8
45055,5.8,2.9,7,16.6,7,24.2
45057,6.0,3.0,8,17.0,8,25.0
45059,5.6,2.8,7,16.2,7,23.4
45061,8.2,4.1,10,21.4,10,33.8
45063,4.5,2.25,6,14.0,6,19.0
45065,5.8,2.9,7,16.6,7,24.2
45067,8.6,4.3,11,22.2,11,35.4
45069,9.1,4.55,11,23.2,11,37.4
45071,4.8,2.4,6,14.6,6,20.2
45073,5.5,2.75,7,16.0,7,23.0
45075,11.3,5.65,14,27.6,14,46.2
45077,5.6,2.8,7,16.2,7,23.4
45079,5.4,2.7,7,15.8,7,22.6
45081,4.8,2.4,6,14.6,6,20.2
45083,5.3,2.65,7,15.6,7,22.2
45085,6.5,3.25,8,18.0,8,27.0
45087,6.5,3.25,8,18.0,8,27.0
45089,7.9,3.95,10,20.8,10,32.6
45091,5.2,2.6,7,15.4,7,21.8
46003,1.9,0.95,3,8.8,3,8.6
46005,2.3,1.15,3,9.6,3,10.2
46007,4.0,2.0,5,13.0,5,17.0
46009,2.4,1.2,3,9.8,3,10.6
46011,2.5,1.25,4,10.0,4,11.0
46013,2.4,1.2,3,9.8,3,10.6
46015,2.5,1.25,4,10.0,4,11.0
46017,9.8,4.9,12,24.6,12,40.2
46019,2.9,1.45,4,10.8,4,12.6
46021,2.5,1.25,4,10.0,4,11.0
46023,3.0,1.5,4,11.0,4,13.0
46025,2.9,1.45,4,10.8,4,12.6
46027,2.7,1.35,4,10.4,4,11.8
46029,2.6,1.3,4,10.2,4,11.4
46031,5.5,2.75,7,16.0,7,23.0
46033,3.1,1.55,4,11.2,4,13.4
46035,1.9,0.95,3,8.8,3,8.6
46037,3.6,1.8,5,12.2,5,15.4
46039,3.2,1.6,4,11.4,4,13.8
46041,14.1,7.05,17,33.2,17,57.4
46043,2.2,1.1,3,9.4,3,9.8
46045,2.1,1.05,3,9.2,3,9.4
46047,3.8,1.9,5,12.6,5,16.2
46049,2.5,1.25,4,10.0,4,11.0
46051,2.5,1.25,4,10.0,4,11.0
46053,2.6,1.3,4,10.2,4,11.4
46055,2.1,1.05,3,9.2,3,9.4
46057,2.4,1.2,3,9.8,3,10.6
46059,1.9,0.95,3,8.8,3,8.6
46061,3.2,1.6,4,11.4,4,13.8
46063,2.1,1.05,3,9.2,3,9.4
46065,2.0,1.0,3,9.0,3,9.0
46067,2.0,1.0,3,9.0,3,9.0
46069,2.8,1.4,4,10.6,4,12.2
46071,2.8,1.4,4,10.6,4,12.2
46073,2.4,1.2,3,9.8,3,10.6
46075,2.4,1.2,3,9.8,3,10.6
46077,2.1,1.05,3,9.2,3,9.4
46079,3.0,1.5,4,11.0,4,13.0
46081,2.9,1.45,4,10.8,4,12.6
46083,1.8,0.9,3,8.6,3,8.2
46085,5.0,2.5,7,15.0,7,21.0
46087,2.1,1.05,3,9.2,3,9.4
46089,3.6,1.8,5,12.2,5,15.4
46091,2.8,1.4,4,10.6,4,12.2
46093,2.7,1.35,4,10.4,4,11.8
46095,3.8,1.9,5,12.6,5,16.2
46097,2.4,1.2,3,9.8,3,10.6
46099,2.2,1.1,3,9.4,3,9.8
46101,3.6,1.8,5,12.2,5,15.4
46102,13.2,6.6,16,31.4,16,53.8
46103,2.6,1.3,4,10.2,4,11.4
46105,2.8,1.4,4,10.6,4,12.2
46107,2.3,1.15,3,9.6,3,10.2
46109,3.3,1.65,4,11.6,4,14.2
46111,2.5,1.25,4,10.0,4,11.0
46115,2.6,1.3,4,10.2,4,11.4
46117,2.0,1.0,3,9.0,3,9.0
46119,1.9,0.95,3,8.8,3,8.6
46121,6.8,3.4,9,18.6,9,28.2
46123,1.9,0.95,3,8.8,3,8.6
46125,2.4,1.2,3,9.8,3,10.6
46127,2.9,1.45,4,10.8,4,12.6
46129,4.3,2.15,6,13.6,6,18.2
46135,2.3,1.15,3,9.6,3,10.2
46137,5.6,2.8,7,16.2,7,23.4
47001,5.1,2.55,7,15.2,7,21.4
47003,5.3,2.65,7,15.6,7,22.2
47005,7.4,3.7,9,19.8,9,30.6
47007,6.6,3.3,8,18.2,8,27.4
47009,4.5,2.25,6,14.0,6,19.0
47011,4.7,2.35,6,14.4,6,19.8
47013,6.7,3.35,9,18.4,9,27.8
47015,4.9,2.45,6,14.8,6,20.6
47017,7.1,3.55,9,19.2,9,29.4
47019,5.9,2.95,8,16.8,8,24.6
47021,4.0,2.0,5,13.0,5,17.0
47023,5.7,2.85,7,16.4,7,23.8
47025,6.4,3.2,8,17.8,8,26.6
47027,6.4,3.2,8,17.8,8,26.6
47029,6.0,3.0,8,17.0,8,25.0
47031,4.9,2.45,6,14.8,6,20.6
47033,5.2,2.6,7,15.4,7,21.8
47035,5.9,2.95,8,16.8,8,24.6
47037,3.8,1.9,5,12.6,5,16.2
47039,7.3,3.65,9,19.6,9,30.2
47041,5.8,2.9,7,16.6,7,24.2
47043,4.4,2.2,6,13.8,6,18.6
47045,6.1,3.05,8,17.2,8,25.4
47047,5.3,2.65,7,15.6,7,22.2
47049,6.0,3.0,8,17.0,8,25.0
47051,5.7,2.85,7,16.4,7,23.8
47053,6.2,3.1,8,17.4,8,25.8
47055,4.3,2.15,6,13.6,6,18.2
47057,5.4,2.7,7,15.8,7,22.6
47059,5.8,2.9,7,16.6,7,24.2
47061,6.6,3.3,8,18.2,8,27.4
47063,5.3,2.65,7,15.6,7,22.2
47065,5.0,2.5,7,15.0,7,21.0
47067,8.0,4.0,10,21.0,10,33.0
47069,6.2,3.1,8,17.4,8,25.8
47071,6.2,3.1,8,17.4,8,25.8
47073,5.5,2.75,7,16.0,7,23.0
47075,6.5,3.25,8,18.0,8,27.0
47077,7.0,3.5,9,19.0,9,29.0
47079,6.0,3.0,8,17.0,8,25.0
47081,4.6,2.3,6,14.2,6,19.4
47083,7.7,3.85,10,20.4,10,31.8
47085,6.2,3.1,8,17.4,8,25.8
47087,7.3,3.65,9,19.6,9,30.2
47089,5.4,2.7,7,15.8,7,22.6
47091,4.9,2.45,6,14.8,6,20.6
47093,4.3,2.15,6,13.6,6,18.2
47095,7.3,3.65,9,19.6,9,30.2
47097,7.8,3.9,10,20.6,10,32.2
47099,5.9,2.95,8,16.8,8,24.6
47101,5.8,2.9,7,16.6,7,24.2
47103,4.4,2.2,6,13.8,6,18.6
47105,4.8,2.4,6,14.6,6,20.2
47107,5.8,2.9,7,16.6,7,24.2
47109,7.4,3.7,9,19.8,9,30.6
47111,4.5,2.25,6,14.0,6,19.0
47113,5.3,2.65,7,15.6,7,22.2
47115,6.7,3.35,9,18.4,9,27.8
47117,4.8,2.4,6,14.6,6,20.2
47119,4.2,2.1,6,13.4,6,17.8
47121,7.2,3.6,9,19.4,9,29.8
47123,5.5,2.75,7,16.0,7,23.0
47125,5.5,2.75,7,16.0,7,23.0
47127,4.2,2.1,6,13.4,6,17.8
47129,6.6,3.3,8,18.2,8,27.4
47131,7.5,3.75,10,20.0,10,31.0
47133,5.6,2.8,7,16.2,7,23.4
47135,6.2,3.1,8,17.4,8,25.8
47137,5.7,2.85,7,16.4,7,23.8
47139,5.8,2.9,7,16.6,7,24.2
47141,5.2,2.6,7,15.4,7,21.8
47143,7.5,3.75,10,20.0,10,31.0
47145,5.8,2.9,7,16.6,7,24.2
47147,4.4,2.2,6,13.8,6,18.6
47149,4.0,2.0,5,13.0,5,17.0
47151,7.4,3.7,9,19.8,9,30.6
47153,6.1,3.05,8,17.2,8,25.4
47155,4.2,2.1,6,13.4,6,17.8
47157,5.8,2.9,7,16.6,7,24.2
47159,4.6,2.3,6,14.2,6,19.4
47161,6.8,3.4,9,18.6,9,28.2
47163,5.5,2.75,7,16.0,7,23.0
47165,4.1,2.05,5,13.2,5,17.4
47167,5.9,2.95,8,16.8,8,24.6
47169,4.9,2.45,6,14.8,6,20.6
47171,6.9,3.45,9,18.8,9,28.6
47173,5.9,2.95,8,16.8,8,24.6
47175,5.8,2.9,7,16.6,7,24.2
47177,4.8,2.4,6,14.6,6,20.2
47179,5.1,2.55,7,15.2,7,21.4
47181,6.2,3.1,8,17.4,8,25.8
47183,7.3,3.65,9,19.6,9,30.2
47185,5.4,2.7,7,15.8,7,22.6
47187,3.7,1.85,5,12.4,5,15.8
47189,4.0,2.0,5,13.0,5,17.0
48001,4.8,2.4,6,14.6,6,20.2
48003,4.9,2.45,6,14.8,6,20.6
48005,6.6,3.3,8,18.2,8,27.4
48007,5.9,2.95,8,16.8,8,24.6
48009,4.5,2.25,6,14.0,6,19.0
48011,3.5,1.75,5,12.0,5,15.0
48013,5.7,2.85,7,16.4,7,23.8
48015,5.9,2.95,8,16.8,8,24.6
48017,4.6,2.3,6,14.2,6,19.4
48019,4.3,2.15,6,13.6,6,18.2
48021,4.1,2.05,5,13.2,5,17.4
48023,3.5,1.75,5,12.0,5,15.0
48025,8.5,4.25,11,22.0,11,35.0
48027,4.8,2.4,6,14.6,6,20.2
48029,4.1,2.05,5,13.2,5,17.4
48031,3.3,1.65,4,11.6,4,14.2
48033,3.4,1.7,5,11.8,5,14.6
48035,4.7,2.35,6,14.4,6,19.8
48037,5.4,2.7,7,15.8,7,22.6
48039,5.7,2.85,7,16.4,7,23.8
48041,3.9,1.95,5,12.8,5,16.6
48043,4.3,2.15,6,13.6,6,18.2
48045,4.8,2.4,6,14.6,6,20.2
48047,12.5,6.25,16,30.0,16,51.0
48049,4.8,2.4,6,14.6,6,20.2
48051,5.2,2.6,7,15.4,7,21.8
48053,3.8,1.9,5,12.6,5,16.2
48055,4.5,2.25,6,14.0,6,19.0
48057,5.5,2.75,7,16.0,7,23.0
48059,4.6,2.3,6,14.2,6,19.4
48061,7.6,3.8,10,20.2,10,31.4
48063,7.8,3.9,10,20.6,10,32.2
48065,3.5,1.75,5,12.0,5,15.0
48067,8.2,4.1,10,21.4,10,33.8
48069,3.5,1.75,5,12.0,5,15.0
48071,6.8,3.4,9,18.6,9,28.2
48073,5.5,2.75,7,16.0,7,23.0
48075,3.5,1.75,5,12.0,5,15.0
48077,4.5,2.25,6,14.0,6,19.0
48079,6.0,3.0,8,17.0,8,25.0
48081,3.9,1.95,5,12.8,5,16.6
48083,6.4,3.2,8,17.8,8,26.6
48085,3.8,1.9,5,12.6,5,16.2
48087,3.6,1.8,5,12.2,5,15.4
48089,5.3,2.65,7,15.6,7,22.2
48091,4.2,2.1,6,13.4,6,17.8
48093,4.6,2.3,6,14.2,6,19.4
48095,3.2,1.6,4,11.4,4,13.8
48097,4.2,2.1,6,13.4,6,17.8
48099,4.9,2.45,6,14.8,6,20.6
48101,5.0,2.5,7,15.0,7,21.0
48103,9.1,4.55,11,23.2,11,37.4
48105,6.7,3.35,9,18.4,9,27.8
48107,5.1,2.55,7,15.2,7,21.4
48109,4.1,2.05,5,13.2,5,17.4
48111,2.5,1.25,4,10.0,4,11.0
48113,4.2,2.1,6,13.4,6,17.8
48115,6.0,3.0,8,17.0,8,25.0
48117,3.5,1.75,5,12.0,5,15.0
48119,4.3,2.15,6,13.6,6,18.2
48121,3.7,1.85,5,12.4,5,15.8
48123,6.0,3.0,8,17.0,8,25.0
48125,5.7,2.85,7,16.4,7,23.8
48127,7.4,3.7,9,19.8,9,30.6
48129,5.3,2.65,7,15.6,7,22.2
48131,12.1,6.05,15,29.2,15,49.4
48133,5.7,2.85,7,16.4,7,23.8
48135,6.8,3.4,9,18.6,9,28.2
48137,5.2,2.6,7,15.4,7,21.8
48139,4.1,2.05,5,13.2,5,17.4
48141,5.4,2.7,7,15.8,7,22.6
48143,4.7,2.35,6,14.4,6,19.8
48145,4.6,2.3,6,14.2,6,19.4
48147,4.1,2.05,5,13.2,5,17.4
48149,4.1,2.05,5,13.2,5,17.4
48151,4.7,2.35,6,14.4,6,19.8
48153,5.5,2.75,7,16.0,7,23.0
48155,4.6,2.3,6,14.2,6,19.4
48157,5.7,2.85,7,16.4,7,23.8
48159,5.5,2.75,7,16.0,7,23.0
48161,7.2,3.6,9,19.4,9,29.8
48163,5.4,2.7,7,15.8,7,22.6
48165,3.7,1.85,5,12.4,5,15.8
48167,5.9,2.95,8,16.8,8,24.6
48169,3.8,1.9,5,12.6,5,16.2
48171,3.1,1.55,4,11.2,4,13.4
48173,4.3,2.15,6,13.6,6,18.2
48175,5.7,2.85,7,16.4,7,23.8
48177,4.6,2.3,6,14.2,6,19.4
48179,7.3,3.65,9,19.6,9,30.2
48181,4.0,2.0,5,13.0,5,17.0
48183,6.8,3.4,9,18.6,9,28.2
48185,7.6,3.8,10,20.2,10,31.4
48187,4.0,2.0,5,13.0,5,17.0
48189,6.4,3.2,8,17.8,8,26.6
48191,8.2,4.1,10,21.4,10,33.8
48193,5.3,2.65,7,15.6,7,22.2
48195,3.2,1.6,4,11.4,4,13.8
48197,4.2,2.1,6,13.4,6,17.8
48199,6.8,3.4,9,18.6,9,28.2
48201,5.8,2.9,7,16.6,7,24.2
48203,6.7,3.35,9,18.4,9,27.8
48205,2.1,1.05,3,9.2,3,9.4
48207,5.1,2.55,7,15.2,7,21.4
48209,3.7,1.85,5,12.4,5,15.8
48211,3.8,1.9,5,12.6,5,16.2
48213,5.3,2.65,7,15.6,7,22.2
48215,8.4,4.2,11,21.8,11,34.6
48217,4.8,2.4,6,14.6,6,20.2
48219,5.1,2.55,7,15.2,7,21.4
48221,5.0,2.5,7,15.0,7,21.0
48223,4.5,2.25,6,14.0,6,19.0
48225,5.0,2.5,7,15.0,7,21.0
48227,6.1,3.05,8,17.2,8,25.4
48229,7.0,3.5,9,19.0,9,29.0
48231,4.5,2.25,6,14.0,6,19.0
48233,6.7,3.35,9,18.4,9,27.8
48235,3.3,1.65,4,11.6,4,14.2
48237,5.2,2.6,7,15.4,7,21.8
48239,5.3,2.65,7,15.6,7,22.2
48241,8.8,4.4,11,22.6,11,36.2
48243,2.9,1.45,4,10.8,4,12.6
48245,7.6,3.8,10,20.2,10,31.4
48247,9.9,4.95,12,24.8,12,40.6
48249,11.3,5.65,14,27.6,14,46.2
48251,4.7,2.35,6,14.4,6,19.8
48253,6.2,3.1,8,17.4,8,25.8
48255,5.3,2.65,7,15.6,7,22.2
48257,4.0,2.0,5,13.0,5,17.0
48259,3.6,1.8,5,12.2,5,15.4
48261,5.4,2.7,7,15.8,7,22.6
48263,2.9,1.45,4,10.8,4,12.6
48265,3.9,1.95,5,12.8,5,16.6
48267,3.9,1.95,5,12.8,5,16.6
48269,3.6,1.8,5,12.2,5,15.4
48271,6.6,3.3,8,18.2,8,27.4
48273,7.9,3.95,10,20.8,10,32.6
48275,5.3,2.65,7,15.6,7,22.2
48277,5.4,2.7,7,15.8,7,22.6
48279,7.1,3.55,9,19.2,9,29.4
48281,4.6,2.3,6,14.2,6,19.4
48283,5.7,2.85,7,16.4,7,23.8
48285,4.7,2.35,6,14.4,6,19.8
48287,4.2,2.1,6,13.4,6,17.8
48289,7.3,3.65,9,19.6,9,30.2
48291,8.5,4.25,11,22.0,11,35.0
48293,6.2,3.1,8,17.4,8,25.8
48295,5.1,2.55,7,15.2,7,21.4
48297,5.5,2.75,7,16.0,7,23.0
48299,4.3,2.15,6,13.6,6,18.2
48301,4.4,2.2,6,13.8,6,18.6
48303,3.7,1.85,5,12.4,5,15.8
48305,4.5,2.25,6,14.0,6,19.0
48307,5.1,2.55,7,15.2,7,21.4
48309,4.4,2.2,6,13.8,6,18.6
48311,2.2,1.1,3,9.4,3,9.8
48313,4.8,2.4,6,14.6,6,20.2
48315,7.7,3.85,10,20.4,10,31.8
48317,4.8,2.4,6,14.6,6,20.2
48319,3.7,1.85,5,12.4,5,15.8
48321,7.6,3.8,10,20.2,10,31.4
48323,11.4,5.7,14,27.8,14,46.6
48325,4.8,2.4,6,14.6,6,20.2
48327,5.0,2.5,7,15.0,7,21.0
48329,4.6,2.3,6,14.2,6,19.4
48331,5.6,2.8,7,16.2,7,23.4
48333,4.6,2.3,6,14.2,6,19.4
48335,7.3,3.65,9,19.6,9,30.2
48337,5.1,2.55,7,15.2,7,21.4
48339,5.5,2.75,7,16.0,7,23.0
48341,3.2,1.6,4,11.4,4,13.8
48343,13.1,6.55,16,31.2,16,53.4
48345,3.9,1.95,5,12.8,5,16.6
48347,5.5,2.75,7,16.0,7,23.0
48349,4.6,2.3,6,14.2,6,19.4
48351,7.9,3.95,10,20.8,10,32.6
48353,5.1,2.55,7,15.2,7,21.4
48355,5.9,2.95,8,16.8,8,24.6
48357,5.4,2.7,7,15.8,7,22.6
48359,3.4,1.7,5,11.8,5,14.6
48361,7.5,3.75,10,20.0,10,31.0
48363,5.9,2.95,8,16.8,8,24.6
48365,7.5,3.75,10,20.0,10,31.0
48367,4.3,2.15,6,13.6,6,18.2
48369,2.8,1.4,4,10.6,4,12.2
48371,5.9,2.95,8,16.8,8,24.6
48373,7.1,3.55,9,19.2,9,29.4
48375,3.6,1.8,5,12.2,5,15.4
48377,11.9,5.95,15,28.8,15,48.6
48379,4.5,2.25,6,14.0,6,19.0
48381,3.2,1.6,4,11.4,4,13.8
48383,7.7,3.85,10,20.4,10,31.8
48385,5.3,2.65,7,15.6,7,22.2
48387,6.6,3.3,8,18.2,8,27.4
48389,6.1,3.05,8,17.2,8,25.4
48391,7.4,3.7,9,19.8,9,30.6
48393,4.9,2.45,6,14.8,6,20.6
48395,5.5,2.75,7,16.0,7,23.0
48397,3.9,1.95,5,12.8,5,16.6
48399,4.8,2.4,6,14.6,6,20.2
48401,6.4,3.2,8,17.8,8,26.6
48403,9.8,4.9,12,24.6,12,40.2
48405,9.6,4.8,12,24.2,12,39.4
48407,6.9,3.45,9,18.8,9,28.6
48409,7.8,3.9,10,20.6,10,32.2
48411,3.9,1.95,5,12.8,5,16.6
48413,5.9,2.95,8,16.8,8,24.6
48415,6.3,3.15,8,17.6,8,26.2
48417,4.0,2.0,5,13.0,5,17.0
48419,6.5,3.25,8,18.0,8,27.0
48421,3.4,1.7,5,11.8,5,14.6
48423,5.1,2.55,7,15.2,7,21.4
48425,5.1,2.55,7,15.2,7,21.4
48427,14.1,7.05,17,33.2,17,57.4
48429,5.9,2.95,8,16.8,8,24.6
48431,3.8,1.9,5,12.6,5,16.2
48433,4.9,2.45,6,14.8,6,20.6
48435,8.5,4.25,11,22.0,11,35.0
48437,4.7,2.35,6,14.4,6,19.8
48439,4.2,2.1,6,13.4,6,17.8
48441,4.0,2.0,5,13.0,5,17.0
48443,4.1,2.05,5,13.2,5,17.4
48445,5.5,2.75,7,16.0,7,23.0
48447,4.0,2.0,5,13.0,5,17.0
48449,7.2,3.6,9,19.4,9,29.8
48451,4.7,2.35,6,14.4,6,19.8
48453,3.4,1.7,5,11.8,5,14.6
48455,6.7,3.35,9,18.4,9,27.8
48457,8.2,4.1,10,21.4,10,33.8
48459,7.3,3.65,9,19.6,9,30.2
48461,5.0,2.5,7,15.0,7,21.0
48463,5.6,2.8,7,16.2,7,23.4
48465,6.7,3.35,9,18.4,9,27.8
48467,4.6,2.3,6,14.2,6,19.4
48469,5.7,2.85,7,16.4,7,23.8
48471,6.2,3.1,8,17.4,8,25.8
48473,6.4,3.2,8,17.8,8,26.6
48475,5.8,2.9,7,16.6,7,24.2
48477,5.6,2.8,7,16.2,7,23.4
48479,5.2,2.6,7,15.4,7,21.8
48481,5.4,2.7,7,15.8,7,22.6
48483,4.4,2.2,6,13.8,6,18.6
48485,4.6,2.3,6,14.2,6,19.4
48487,5.4,2.7,7,15.8,7,22.6
48489,13.3,6.65,16,31.6,16,54.2
48491,3.6,1.8,5,12.2,5,15.4
48493,4.2,2.1,6,13.4,6,17.8
48495,8.5,4.25,11,22.0,11,35.0
48497,5.1,2.55,7,15.2,7,21.4
48499,5.8,2.9,7,16.6,7,24.2
48501,5.0,2.5,7,15.0,7,21.0
48503,4.8,2.4,6,14.6,6,20.2
48505,11.2,5.6,14,27.4,14,45.8
48507,17.3,8.65,21,39.6,21,70.2
49001,6.1,3.05,8,17.2,8,25.4
49003,3.3,1.65,4,11.6,4,14.2
49005,3.0,1.5,4,11.0,4,13.0
49007,6.1,3.05,8,17.2,8,25.4
49009,3.4,1.7,5,11.8,5,14.6
49011,3.1,1.55,4,11.2,4,13.4
49013,8.6,4.3,11,22.2,11,35.4
49015,5.9,2.95,8,16.8,8,24.6
49017,5.3,2.65,7,15.6,7,22.2
49019,3.5,1.75,5,12.0,5,15.0
49021,4.6,2.3,6,14.2,6,19.4
49023,3.4,1.7,5,11.8,5,14.6
49025,2.8,1.4,4,10.6,4,12.2
49027,3.2,1.6,4,11.4,4,13.8
49029,2.8,1.4,4,10.6,4,12.2
49031,4.8,2.4,6,14.6,6,20.2
49033,2.2,1.1,3,9.4,3,9.8
49035,3.2,1.6,4,11.4,4,13.8
49037,7.3,3.65,9,19.6,9,30.2
49039,4.0,2.0,5,13.0,5,17.0
49041,4.2,2.1,6,13.4,6,17.8
49043,2.9,1.45,4,10.8,4,12.6
49045,3.9,1.95,5,12.8,5,16.6
49047,9.8,4.9,12,24.6,12,40.2
49049,3.1,1.55,4,11.2,4,13.4
49051,3.0,1.5,4,11.0,4,13.0
49053,3.5,1.75,5,12.0,5,15.0
49055,5.3,2.65,7,15.6,7,22.2
49057,3.7,1.85,5,12.4,5,15.8
50001,3.1,1.55,4,11.2,4,13.4
50003,4.0,2.0,5,13.0,5,17.0
50005,4.2,2.1,6,13.4,6,17.8
50007,2.7,1.35,4,10.4,4,11.8
50009,5.2,2.6,7,15.4,7,21.8
50011,3.2,1.6,4,11.4,4,13.8
50013,3.7,1.85,5,12.4,5,15.8
50015,3.7,1.85,5,12.4,5,15.8
50017,2.9,1.45,4,10.8,4,12.6
50019,4.5,2.25,6,14.0,6,19.0
50021,4.0,2.0,5,13.0,5,17.0
50023,3.1,1.55,4,11.2,4,13.4
50025,3.3,1.65,4,11.6,4,14.2
50027,3.1,1.55,4,11.2,4,13.4
51001,4.3,2.15,6,13.6,6,18.2
51003,3.6,1.8,5,12.2,5,15.4
51005,4.9,2.45,6,14.8,6,20.6
51007,4.3,2.15,6,13.6,6,18.2
51009,4.6,2.3,6,14.2,6,19.4
51011,4.7,2.35,6,14.4,6,19.8
51013,2.6,1.3,4,10.2,4,11.4
51015,3.6,1.8,5,12.2,5,15.4
51017,3.6,1.8,5,12.2,5,15.4
51019,4.1,2.05,5,13.2,5,17.4
51021,6.4,3.2,8,17.8,8,26.6
51023,3.5,1.75,5,12.0,5,15.0
51025,5.9,2.95,8,16.8,8,24.6
51027,10.9,5.45,14,26.8,14,44.6
51029,5.1,2.55,7,15.2,7,21.4
51031,4.5,2.25,6,14.0,6,19.0
51033,4.3,2.15,6,13.6,6,18.2
51035,5.9,2.95,8,16.8,8,24.6
51036,4.4,2.2,6,13.8,6,18.6
51037,5.2,2.6,7,15.4,7,21.8
51041,3.8,1.9,5,12.6,5,16.2
51043,3.3,1.65,4,11.6,4,14.2
51045,4.4,2.2,6,13.8,6,18.6
51047,3.8,1.9,5,12.6,5,16.2
51049,4.6,2.3,6,14.2,6,19.4
51051,10.0,5.0,13,25.0,13,41.0
51053,4.8,2.4,6,14.6,6,20.2
51057,4.7,2.35,6,14.4,6,19.8
51059,3.2,1.6,4,11.4,4,13.8
51061,3.4,1.7,5,11.8,5,14.6
51063,4.4,2.2,6,13.8,6,18.6
51065,3.4,1.7,5,11.8,5,14.6
51067,4.3,2.15,6,13.6,6,18.2
51069,3.4,1.7,5,11.8,5,14.6
51071,6.9,3.45,9,18.8,9,28.6
51073,3.6,1.8,5,12.2,5,15.4
51075,3.6,1.8,5,12.2,5,15.4
51077,5.2,2.6,7,15.4,7,21.8
51079,3.2,1.6,4,11.4,4,13.8
51081,5.1,2.55,7,15.2,7,21.4
51083,6.2,3.1,8,17.4,8,25.8
51085,3.5,1.75,5,12.0,5,15.0
51087,3.9,1.95,5,12.8,5,16.6
51089,5.4,2.7,7,15.8,7,22.6
51091,3.0,1.5,4,11.0,4,13.0
51093,4.4,2.2,6,13.8,6,18.6
51095,3.8,1.9,5,12.6,5,16.2
51097,4.2,2.1,6,13.4,6,17.8
51099,4.1,2.05,5,13.2,5,17.4
51101,3.7,1.85,5,12.4,5,15.8
51103,4.4,2.2,6,13.8,6,18.6
51105,6.9,3.45,9,18.8,9,28.6
51107,3.2,1.6,4,11.4,4,13.8
51109,3.7,1.85,5,12.4,5,15.8
51111,4.6,2.3,6,14.2,6,19.4
51113,3.1,1.55,4,11.2,4,13.4
51115,3.8,1.9,5,12.6,5,16.2
51117,5.6,2.8,7,16.2,7,23.4
51119,3.7,1.85,5,12.4,5,15.8
51121,4.5,2.25,6,14.0,6,19.0
51125,3.5,1.75,5,12.0,5,15.0
51127,3.3,1.65,4,11.6,4,14.2
51131,5.0,2.5,7,15.0,7,21.0
51133,4.4,2.2,6,13.8,6,18.6
51135,4.0,2.0,5,13.0,5,17.0
51137,3.9,1.95,5,12.8,5,16.6
51139,4.5,2.25,6,14.0,6,19.0
51141,4.5,2.25,6,14.0,6,19.0
51143,4.9,2.45,6,14.8,6,20.6
51145,3.6,1.8,5,12.2,5,15.4
51147,5.6,2.8,7,16.2,7,23.4
51149,4.9,2.45,6,14.8,6,20.6
51153,3.6,1.8,5,12.2,5,15.4
51155,10.0,5.0,13,25.0,13,41.0
51157,3.5,1.75,5,12.0,5,15.0
51159,3.3,1.65,4,11.6,4,14.2
51161,3.6,1.8,5,12.2,5,15.4
51163,4.3,2.15,6,13.6,6,18.2
51165,3.6,1.8,5,12.2,5,15.4
51167,6.5,3.25,8,18.0,8,27.0
51169,4.6,2.3,6,14.2,6,19.4
51171,3.6,1.8,5,12.2,5,15.4
51173,5.6,2.8,7,16.2,7,23.4
51175,3.8,1.9,5,12.6,5,16.2
51177,4.1,2.05,5,13.2,5,17.4
51179,4.0,2.0,5,13.0,5,17.0
51181,5.6,2.8,7,16.2,7,23.4
51183,5.9,2.95,8,16.8,8,24.6
51185,8.1,4.05,10,21.2,10,33.4
51187,3.9,1.95,5,12.8,5,16.6
51191,4.6,2.3,6,14.2,6,19.4
51193,4.2,2.1,6,13.4,6,17.8
51195,8.7,4.35,11,22.4,11,35.8
51197,7.0,3.5,9,19.0,9,29.0
51199,4.0,2.0,5,13.0,5,17.0
51510,2.9,1.45,4,10.8,4,12.6
51520,5.2,2.6,7,15.4,7,21.8
51530,5.1,2.55,7,15.2,7,21.4
51540,3.5,1.75,5,12.0,5,15.0
51550,4.4,2.2,6,13.8,6,18.6
51570,4.5,2.25,6,14.0,6,19.0
51580,5.8,2.9,7,16.6,7,24.2
51590,6.6,3.3,8,18.2,8,27.4
51595,6.4,3.2,8,17.8,8,26.6
51600,3.1,1.55,4,11.2,4,13.4
51610,2.7,1.35,4,10.4,4,11.8
51620,5.9,2.95,8,16.8,8,24.6
51630,4.7,2.35,6,14.4,6,19.8
51640,5.1,2.55,7,15.2,7,21.4
51650,5.7,2.85,7,16.4,7,23.8
51660,5.2,2.6,7,15.4,7,21.8
51670,6.5,3.25,8,18.0,8,27.0
51678,7.4,3.7,9,19.8,9,30.6
51680,5.5,2.75,7,16.0,7,23.0
51683,3.5,1.75,5,12.0,5,15.0
51685,3.5,1.75,5,12.0,5,15.0
51690,6.8,3.4,9,18.6,9,28.2
51700,5.1,2.55,7,15.2,7,21.4
51710,5.4,2.7,7,15.8,7,22.6
51720,7.2,3.6,9,19.4,9,29.8
51730,7.4,3.7,9,19.8,9,30.6
51735,3.6,1.8,5,12.2,5,15.4
51740,6.2,3.1,8,17.4,8,25.8
51750,6.7,3.35,9,18.4,9,27.8
51760,4.7,2.35,6,14.4,6,19.8
51770,4.4,2.2,6,13.8,6,18.6
51775,4.0,2.0,5,13.0,5,17.0
51790,3.9,1.95,5,12.8,5,16.6
51800,4.7,2.35,6,14.4,6,19.8
51810,4.0,2.0,5,13.0,5,17.0
51820,4.1,2.05,5,13.2,5,17.4
51830,5.9,2.95,8,16.8,8,24.6
51840,3.9,1.95,5,12.8,5,16.6
53001,4.8,2.4,6,14.6,6,20.2
53003,4.7,2.35,6,14.4,6,19.8
53005,6.5,3.25,8,18.0,8,27.0
53007,5.1,2.55,7,15.2,7,21.4
53009,7.6,3.8,10,20.2,10,31.4
53011,6.6,3.3,8,18.2,8,27.4
53013,5.9,2.95,8,16.8,8,24.6
53015,7.6,3.8,10,20.2,10,31.4
53017,6.6,3.3,8,18.2,8,27.4
53019,9.8,4.9,12,24.6,12,40.2
53021,6.5,3.25,8,18.0,8,27.0
53023,5.3,2.65,7,15.6,7,22.2
53025,6.6,3.3,8,18.2,8,27.4
53027,8.7,4.35,11,22.4,11,35.8
53029,6.0,3.0,8,17.0,8,25.0
53031,7.2,3.6,9,19.4,9,29.8
53033,3.9,1.95,5,12.8,5,16.6
53035,5.9,2.95,8,16.8,8,24.6
53037,5.8,2.9,7,16.6,7,24.2
53039,6.5,3.25,8,18.0,8,27.0
53041,8.1,4.05,10,21.2,10,33.4
53043,4.1,2.05,5,13.2,5,17.4
53045,8.3,4.15,10,21.6,10,34.2
53047,6.1,3.05,8,17.2,8,25.4
53049,7.7,3.85,10,20.4,10,31.8
53051,8.9,4.45,11,22.8,11,36.6
53053,6.5,3.25,8,18.0,8,27.0
53055,3.9,1.95,5,12.8,5,16.6
53057,6.7,3.35,9,18.4,9,27.8
53059,6.7,3.35,9,18.4,9,27.8
53061,4.3,2.15,6,13.6,6,18.2
53063,6.3,3.15,8,17.6,8,26.2
53065,7.9,3.95,10,20.8,10,32.6
53067,5.9,2.95,8,16.8,8,24.6
53069,8.4,4.2,11,21.8,11,34.6
53071,5.6,2.8,7,16.2,7,23.4
53073,6.3,3.15,8,17.6,8,26.2
53075,5.5,2.75,7,16.0,7,23.0
53077,7.3,3.65,9,19.6,9,30.2
54001,5.8,2.9,7,16.6,7,24.2
54003,4.0,2.0,5,13.0,5,17.0
54005,8.5,4.25,11,22.0,11,35.0
54007,6.9,3.45,9,18.8,9,28.6
54009,6.5,3.25,8,18.0,8,27.0
54011,4.8,2.4,6,14.6,6,20.2
54013,8.5,4.25,11,22.0,11,35.0
54015,9.1,4.55,11,23.2,11,37.4
54017,4.9,2.45,6,14.8,6,20.6
54019,6.8,3.4,9,18.6,9,28.2
54021,6.8,3.4,9,18.6,9,28.2
54023,6.1,3.05,8,17.2,8,25.4
54025,4.5,2.25,6,14.0,6,19.0
54027,4.1,2.05,5,13.2,5,17.4
54029,6.5,3.25,8,18.0,8,27.0
54031,5.3,2.65,7,15.6,7,22.2
54033,5.4,2.7,7,15.8,7,22.6
54035,5.9,2.95,8,16.8,8,24.6
54037,3.4,1.7,5,11.8,5,14.6
54039,5.2,2.6,7,15.4,7,21.8
54041,7.1,3.55,9,19.2,9,29.4
54043,7.4,3.7,9,19.8,9,30.6
54045,10.0,5.0,13,25.0,13,41.0
54047,13.1,6.55,16,31.2,16,53.4
54049,6.0,3.0,8,17.0,8,25.0
54051,7.0,3.5,9,19.0,9,29.0
54053,7.0,3.5,9,19.0,9,29.0
54055,6.7,3.35,9,18.4,9,27.8
54057,6.0,3.0,8,17.0,8,25.0
54059,11.7,5.85,15,28.4,15,47.8
54061,4.5,2.25,6,14.0,6,19.0
54063,4.5,2.25,6,14.0,6,19.0
54065,4.5,2.25,6,14.0,6,19.0
54067,8.5,4.25,11,22.0,11,35.0
54069,5.3,2.65,7,15.6,7,22.2
54071,3.5,1.75,5,12.0,5,15.0
54073,7.5,3.75,10,20.0,10,31.0
54075,5.1,2.55,7,15.2,7,21.4
54077,5.2,2.6,7,15.4,7,21.8
54079,4.6,2.3,6,14.2,6,19.4
54081,6.3,3.15,8,17.6,8,26.2
54083,5.3,2.65,7,15.6,7,22.2
54085,5.9,2.95,8,16.8,8,24.6
54087,8.5,4.25,11,22.0,11,35.0
54089,5.5,2.75,7,16.0,7,23.0
54091,5.2,2.6,7,15.4,7,21.8
54093,4.8,2.4,6,14.6,6,20.2
54095,8.1,4.05,10,21.2,10,33.4
54097,7.0,3.5,9,19.0,9,29.0
54099,6.3,3.15,8,17.6,8,26.2
54101,8.2,4.1,10,21.4,10,33.8
54103,8.1,4.05,10,21.2,10,33.4
54105,8.1,4.05,10,21.2,10,33.4
54107,5.7,2.85,7,16.4,7,23.8
54109,9.4,4.7,12,23.8,12,38.6
55001,5.6,2.8,7,16.2,7,23.4
55003,5.1,2.55,7,15.2,7,21.4
55005,3.9,1.95,5,12.8,5,16.6
55007,5.8,2.9,7,16.6,7,24.2
55009,3.6,1.8,5,12.2,5,15.4
55011,4.2,2.1,6,13.4,6,17.8
55013,4.9,2.45,6,14.8,6,20.6
55015,3.4,1.7,5,11.8,5,14.6
55017,3.6,1.8,5,12.2,5,15.4
55019,3.2,1.6,4,11.4,4,13.8
55021,3.3,1.65,4,11.6,4,14.2
55023,4.3,2.15,6,13.6,6,18.2
55025,2.8,1.4,4,10.6,4,12.2
55027,3.7,1.85,5,12.4,5,15.8
55029,3.4,1.7,5,11.8,5,14.6
55031,5.2,2.6,7,15.4,7,21.8
55033,3.8,1.9,5,12.6,5,16.2
55035,3.4,1.7,5,11.8,5,14.6
55037,5.5,2.75,7,16.0,7,23.0
55039,3.6,1.8,5,12.2,5,15.4
55041,6.2,3.1,8,17.4,8,25.8
55043,3.7,1.85,5,12.4,5,15.8
55045,3.1,1.55,4,11.2,4,13.4
55047,3.9,1.95,5,12.8,5,16.6
55049,3.0,1.5,4,11.0,4,13.0
55051,7.0,3.5,9,19.0,9,29.0
55053,3.7,1.85,5,12.4,5,15.8
55055,3.9,1.95,5,12.8,5,16.6
55057,4.0,2.0,5,13.0,5,17.0
55059,4.8,2.4,6,14.6,6,20.2
55061,3.1,1.55,4,11.2,4,13.4
55063,3.7,1.85,5,12.4,5,15.8
55065,2.9,1.45,4,10.8,4,12.6
55067,5.4,2.7,7,15.8,7,22.6
55069,4.3,2.15,6,13.6,6,18.2
55071,4.3,2.15,6,13.6,6,18.2
55073,3.4,1.7,5,11.8,5,14.6
55075,5.2,2.6,7,15.4,7,21.8
55077,4.7,2.35,6,14.4,6,19.8
55078,8.6,4.3,11,22.2,11,35.4
55079,5.5,2.75,7,16.0,7,23.0
55081,3.5,1.75,5,12.0,5,15.0
55083,3.9,1.95,5,12.8,5,16.6
55085,4.3,2.15,6,13.6,6,18.2
55087,3.5,1.75,5,12.0,5,15.0
55089,3.4,1.7,5,11.8,5,14.6
55091,3.2,1.6,4,11.4,4,13.8
55093,3.8,1.9,5,12.6,5,16.2
55095,3.8,1.9,5,12.6,5,16.2
55097,3.5,1.75,5,12.0,5,15.0
55099,3.8,1.9,5,12.6,5,16.2
55101,5.3,2.65,7,15.6,7,22.2
55103,3.4,1.7,5,11.8,5,14.6
55105,4.3,2.15,6,13.6,6,18.2
55107,4.5,2.25,6,14.0,6,19.0
55109,3.5,1.75,5,12.0,5,15.0
55111,3.1,1.55,4,11.2,4,13.4
55113,5.6,2.8,7,16.2,7,23.4
55115,3.9,1.95,5,12.8,5,16.6
55117,3.3,1.65,4,11.6,4,14.2
55119,3.5,1.75,5,12.0,5,15.0
55121,3.4,1.7,5,11.8,5,14.6
55123,3.1,1.55,4,11.2,4,13.4
55125,4.5,2.25,6,14.0,6,19.0
55127,4.0,2.0,5,13.0,5,17.0
55129,4.6,2.3,6,14.2,6,19.4
55131,3.4,1.7,5,11.8,5,14.6
55133,3.6,1.8,5,12.2,5,15.4
55135,3.7,1.85,5,12.4,5,15.8
55137,4.6,2.3,6,14.2,6,19.4
55139,3.7,1.85,5,12.4,5,15.8
55141,4.7,2.35,6,14.4,6,19.8
56001,3.3,1.65,4,11.6,4,14.2
56003,4.4,2.2,6,13.8,6,18.6
56005,6.8,3.4,9,18.6,9,28.2
56007,4.1,2.05,5,13.2,5,17.4
56009,6.0,3.0,8,17.0,8,25.0
56011,4.0,2.0,5,13.0,5,17.0
56013,6.6,3.3,8,18.2,8,27.4
56015,3.3,1.65,4,11.6,4,14.2
56017,4.3,2.15,6,13.6,6,18.2
56019,4.4,2.2,6,13.8,6,18.6
56021,4.0,2.0,5,13.0,5,17.0
56023,3.8,1.9,5,12.6,5,16.2
56025,6.8,3.4,9,18.6,9,28.2
56027,3.3,1.65,4,11.6,4,14.2
56029,3.7,1.85,5,12.4,5,15.8
56031,4.6,2.3,6,14.2,6,19.4
56033,4.0,2.0,5,13.0,5,17.0
56035,5.4,2.7,7,15.8,7,22.6
56037,5.7,2.85,7,16.4,7,23.8
56039,2.0,1.0,3,9.0,3,9.0
56041,5.3,2.65,7,15.6,7,22.2
56043,4.5,2.25,6,14.0,6,19.0
56045,4.9,2.45,6,14.8,6,20.6
72001,15.7,7.85,19,36.4,19,63.8
72003,14.5,7.25,18,34.0,18,59.0
72005,14.9,7.45,18,34.8,18,60.6
72007,14.5,7.25,18,34.0,18,59.0
72009,15.1,7.55,19,35.2,19,61.4
72011,13.0,6.5,16,31.0,16,53.0
72013,13.7,6.85,17,32.4,17,55.8
72015,18.7,9.35,23,42.4,23,75.8
72017,15.0,7.5,19,35.0,19,61.0
72019,14.1,7.05,17,33.2,17,57.4
72021,9.2,4.6,12,23.4,12,37.8
72023,12.9,6.45,16,30.8,16,52.6
72025,10.7,5.35,13,26.4,13,43.8
72027,12.8,6.4,16,30.6,16,52.2
72029,12.4,6.2,15,29.8,15,50.6
72031,8.8,4.4,11,22.6,11,36.2
72033,9.9,4.95,12,24.8,12,40.6
72035,11.2,5.6,14,27.4,14,45.8
72037,13.4,6.7,17,31.8,17,54.6
72039,16.9,8.45,21,38.8,21,68.6
72041,10.6,5.3,13,26.2,13,43.4
72043,19.5,9.75,24,44.0,24,79.0
72045,13.7,6.85,17,32.4,17,55.8
72047,12.6,6.3,16,30.2,16,51.4
72049,3.8,1.9,5,12.6,5,16.2
72051,8.5,4.25,11,22.0,11,35.0
72053,13.8,6.9,17,32.6,17,56.2
72054,15.4,7.7,19,35.8,19,62.6
72055,17.9,8.95,22,40.8,22,72.6
72057,17.3,8.65,21,39.6,21,70.2
72059,18.1,9.05,22,41.2,22,73.4
72061,6.3,3.15,8,17.6,8,26.2
72063,9.2,4.6,12,23.4,12,37.8
72065,14.1,7.05,17,33.2,17,57.4
72067,12.7,6.35,16,30.4,16,51.8
72069,14.2,7.1,18,33.4,18,57.8
72071,14.3,7.15,18,33.6,18,58.2
72073,12.5,6.25,16,30.0,16,51.0
72075,15.8,7.9,19,36.6,19,64.2
72077,13.4,6.7,17,31.8,17,54.6
72079,18.8,9.4,23,42.6,23,76.2
72081,17.8,8.9,22,40.6,22,72.2
72083,13.7,6.85,17,32.4,17,55.8
72085,14.7,7.35,18,34.4,18,59.8
72087,12.7,6.35,16,30.4,16,51.8
72089,15.0,7.5,19,35.0,19,61.0
72091,12.2,6.1,15,29.4,15,49.8
72093,13.7,6.85,17,32.4,17,55.8
72095,17.7,8.85,22,40.4,22,71.8
72097,14.5,7.25,18,34.0,18,59.0
72099,15.6,7.8,19,36.2,19,63.4
72101,14.3,7.15,18,33.6,18,58.2
72103,12.8,6.4,16,30.6,16,52.2
72105,13.6,6.8,17,32.2,17,55.4
72107,15.4,7.7,19,35.8,19,62.6
72109,20.6,10.3,25,46.2,25,83.4
72111,16.9,8.45,21,38.8,21,68.6
72113,13.8,6.9,17,32.6,17,56.2
72115,16.1,8.05,20,37.2,20,65.4
72117,13.3,6.65,16,31.6,16,54.2
72119,11.5,5.75,14,28.0,14,47.0
72121,16.5,8.25,20,38.0,20,67.0
72123,23.4,11.7,29,51.8,29,94.6
72125,15.4,7.7,19,35.8,19,62.6
72127,8.2,4.1,10,21.4,10,33.8
72129,13.2,6.6,16,31.4,16,53.8
72131,18.1,9.05,22,41.2,22,73.4
72133,20.6,10.3,25,46.2,25,83.4
72135,8.9,4.45,11,22.8,11,36.6
72137,9.1,4.55,11,23.2,11,37.4
72139,7.6,3.8,10,20.2,10,31.4
72141,15.3,7.65,19,35.6,19,62.2
72143,12.0,6.0,15,29.0,15,49.0
72145,14.3,7.15,18,33.6,18,58.2
72147,11.3,5.65,14,27.6,14,46.2
72149,19.6,9.8,24,44.2,24,79.4
72151,16.6,8.3,20,38.2,20,67.4
72153,18.0,9.0,22,41.0,22,73.0
